Titles,Year,Rated,Released,Runtime,Genre,Director,Writer,Actors,Plot,Language,Country,imdbRating,imdbVotes,imdbID,Type
Sherlock,2010â€“,TV-14,24 Oct 2010,88,"Crime, Drama, Mystery",N/A,"Mark Gatiss, Steven Moffat","Benedict Cumberbatch, Martin Freeman, Una Stubbs, Rupert Graves",A modern update finds the famous sleuth and his doctor partner solving crime in 21st century London.,English,"UK, USA",9.2,"634,582",tt1475582,series
Friends,1994â€“2004,TV-14,22 Sep 1994,22,"Comedy, Romance",N/A,"David Crane, Marta Kauffman","Jennifer Aniston, Courteney Cox, Lisa Kudrow, Matt LeBlanc",Follows the personal and professional lives of six 20 to 30-something-year-old friends living in Manhattan.,"English, Dutch, Italian, French",USA,8.9,"581,484",tt0108778,series
Jab We Met,2007,NOT RATED,26 Oct 2007,138,"Comedy, Drama, Romance",Imtiaz Ali,Imtiaz Ali,"Shahid Kapoor, Kareena Kapoor Khan, Tarun Arora, Dara Singh",A depressed wealthy businessman finds his life changing after he meets a spunky and care-free young woman.,"Hindi, Panjabi, English",India,8.0,"38,141",tt1093370,movie
Captain America: Civil War,2016,PG-13,06 May 2016,147,"Action, Adventure, Sci-Fi","Anthony Russo, Joe Russo","Christopher Markus (screenplay by), Stephen McFeely (screenplay by), Joe Simon (based on the Marvel comics by), Jack Kirby (based on the Marvel comics by)","Chris Evans, Robert Downey Jr., Scarlett Johansson, Sebastian Stan",Political involvement in the Avengers' activities causes a rift between Captain America and Iron Man.,"English, German, Xhosa, Russian, Romanian, Hindi","USA, Germany",7.8,"473,896",tt3498820,movie
Power Rangers S.P.D.,2005,TV-Y7,05 Feb 2005,22,"Action, Adventure, Sci-Fi",N/A,N/A,"Brandon Jay McLaren, Chris Violette, Matt Sadowski, Monica May","Fifteen years into the future, Earth has welcomed alien beings to live with humans. But peace is short lived, as a planet conquering alien force turns its destructive attention to Earth! ...",English,"USA, New Zealand",6.3,"1,828",tt0414762,series
The Honeymoon Stand Up Special: Collection: Natasha,NA,NA,NA,NA,NA,NA,NA,NA,NA,NA,NA,NA,NA,NA,NA
Black Mirror,2011â€“,TV-MA,04 Dec 2011,60,"Drama, Sci-Fi, Thriller",N/A,Charlie Brooker,"Daniel Lapaine, Hannah John-Kamen, Michaela Coel, Beatrice Robertson-Jones","An anthology series exploring a twisted, high-tech world where humanity's greatest innovations and darkest instincts collide.",English,UK,8.9,"215,984",tt2085059,series
Dude,1979,N/A,14 Mar 1979,70,Adult,Wallace Potts,"Karl Forest, Wallace Potts","Karl Forest, Frank Chazal, CÃ©dric Dumont, Carmelo Petix",N/A,French,France,8.1,20,tt0211229,movie
Pokémon the Series,2013â€“,TV-Y,18 Jan 2014,23,Animation,N/A,N/A,"Ikue Ã”tani, David Errigo Jr.","Ash Ketchum continues his journey on to the Kalos region, and makes new friends such as Serena a childhood friend he known since he was a kid in Pallet town, Clemont, a gym leader and an ...",Japanese,Japan,7.3,574,tt3712502,series
The Boss Baby: Back in Business,2018â€“,TV-Y7,06 Apr 2018,25,"Animation, Comedy, Family",N/A,N/A,David W. Collins,"With a little help from his brother and accomplice, Tim, Boss Baby tries to balance family life with his job at Baby Corp headquarters.",English,USA,N/A,N/A,tt7741824,series
Swades,2004,NOT RATED,17 Dec 2004,189,Drama,Ashutosh Gowariker,"M.G. Sathya (story), Ashutosh Gowariker (story), Ashutosh Gowariker (screenplay), Sameer Sharma (screenplay), Lalit Marathe (screenplay), Amin Hajee (screenplay), Charlotte Whitby-Coles (screenplay), Yashodeep Nigudkar (screenplay), Ayan Mukherjee (screenplay), K.P. Saxena (dialogue)","Shah Rukh Khan, Gayatri Joshi, Kishori Ballal, Smit Sheth",A successful Indian scientist returns to an Indian village to take his nanny to America with him and in the process rediscovers his roots.,"Hindi, English",India,8.3,"68,081",tt0367110,movie
Rush Hour 3,2007,PG-13,10 Aug 2007,91,"Action, Comedy, Crime",Brett Ratner,"Jeff Nathanson, Ross LaManna (characters)","Chris Tucker, Jackie Chan, Max von Sydow, Hiroyuki Sanada","After an attempted assassination on Ambassador Han, Lee and Carter head to Paris to protect a French woman with knowledge of the Triads' secret leaders.","English, French, Japanese, Mandarin, Latin","USA, Germany",6.2,"132,918",tt0293564,movie
Redemption,2013,R,28 Jun 2013,100,"Action, Crime, Drama",Steven Knight,Steven Knight,"Jason Statham, Agata Buzek, Vicky McClure, Benedict Wong","Homeless and on the run from a military court martial, a damaged ex-special forces soldier navigating London's criminal underworld seizes an opportunity to assume another man's identity -- transforming into an avenging angel in the process.","English, Polish, Cantonese, Italian, English","UK, USA",6.2,"57,649",tt1893256,movie
Phir Bhi Dil Hai Hindustani,2000,N/A,21 Jan 2000,160,"Comedy, Drama, Musical",Aziz Mirza,"Sanjay Chhel (dialogue), Raaj Kumar Dahima, Manoj Lalwani","Shah Rukh Khan, Juhi Chawla, Johnny Lever, Paresh Rawal","In order to seek justice for a man who exacts vengeance on a politician, who was responsible for his daughter's death, two rival reporters teams up to help him to prove his innocence.",Hindi,India,6.3,"5,247",tt0222270,movie
The Last Heist,2016,TV-MA,17 Jun 2016,84,"Action, Horror, Thriller",Mike Mendez,Guy Stevenson,"Henry Rollins, Torrance Coombs, Victoria Pratt, Mykel Shannon Jenkins",A bank Robbery goes terribly wrong when one of the hostages turns out to be a wanted serial killer,English,USA,3.5,"1,837",tt4743562,movie
It's Kind of a Funny Story,2010,PG-13,08 Oct 2010,101,"Comedy, Drama, Romance","Anna Boden, Ryan Fleck","Anna Boden (screenplay), Ryan Fleck (screenplay), Ned Vizzini (novel)","Keir Gilchrist, Dana DeVestern, Lauren Graham, Jim Gaffigan",A clinically depressed teenager gets a new start after he checks himself into an adult psychiatric ward.,English,USA,7.1,"119,129",tt0804497,movie
Troy: Fall of a City,2018â€“,TV-MA,17 Feb 2018,60,"Action, War",N/A,N/A,"Louis Hunter, Christiaan Schoombie, Jonas Armstrong, David Avery","Retells the story of the 10 year siege of Troy, which occurred in the 12 or 13th century BC.",English,"UK, USA, South Africa, Australia",3.5,"5,182",tt5103758,series
Humsafar,2011â€“2012,N/A,24 Sep 2011,35,"Drama, Romance",N/A,N/A,"Fawad Khan, Mahira Khan, Atiqa Odho, Naveen Waqar","Khirad and Ashar's marriage is a bad match in the eyes of Ashar's mother. She plots successfully to discredit Khirad in Ashar's eyes, and he distances himself from Khirad despite her ...",Urdu,Pakistan,9.1,"2,321",tt2403201,series
Om Shanti Om,2007,PG-13,09 Nov 2007,162,"Action, Comedy, Drama",Farah Khan,"Farah Khan (story), Mushtaq Sheikh (screenplay), Farah Khan (screenplay), Mayur Puri (dialogue)","Shah Rukh Khan, Arjun Rampal, Kiron Kher, Shreyas Talpade","In the 1970s, Om, an aspiring actor, is murdered, but is immediately reincarnated into the present day. He attempts to discover the mystery of his demise and find Shanti, the love of his previous life.","Hindi, Urdu",India,6.7,"32,154",tt1024943,movie
Baahubali 2: The Conclusion (Hindi Version),2017,NOT RATED,28 Apr 2017,167,"Action, Drama, Fantasy",S.S. Rajamouli,"Vijayendra Prasad (story by), S.S. Rajamouli (screenplay by), C.H. Vijay Kumar (telugu dialogue), Ajay Kumar (telugu dialogue), Madhan Karky (tamil dialogue), Manoj Muntashir (hindi dialogue), Mankombu Gopalakrishnan (malayalam dialogue)","Prabhas, Rana Daggubati, Anushka Shetty, Tamannaah Bhatia","When Shiva, the son of Bahubali, learns about his heritage, he begins to look for answers. His story is juxtaposed with past events that unfolded in the Mahishmati Kingdom.","Telugu, Tamil, Hindi, Malayalam",India,8.4,"54,646",tt4849438,movie
Aarakshan,2011,N/A,12 Aug 2011,164,Drama,Prakash Jha,"Prakash Jha, Anjum Rajabali","Amitabh Bachchan, Saif Ali Khan, Manoj Bajpayee, Deepika Padukone",A decision by India's supreme court tests a man's friendships and loyalty.,"Hindi, English",India,6.2,"4,150",tt1848771,movie
Taare Zameen Par,NA,NA,NA,NA,NA,NA,NA,NA,NA,NA,NA,NA,NA,NA,NA
Trump: An American Dream,2017,N/A,09 Nov 2017,NA,Documentary,N/A,N/A,Barbara Res,British documentary series exploring the extraordinary journey of Donald J. Trump through five decades.,English,UK,6.6,10,tt7596008,series
Russell Peters vs. the World,NA,NA,NA,NA,NA,NA,NA,NA,NA,NA,NA,NA,NA,NA,NA
Trimurti,1995,NOT RATED,22 Dec 1995,187,"Action, Drama",Mukul Anand,N/A,"Anirudh Agarwal, Mohan Agashe, Tinnu Anand, Anang Desai","Entrapped by notorious gangster, Khokha Singh; an honest police inspector Satyadevi Singh gets a life sentence in jail. She hopes to get her three sons, Shakti, Anand and Romi to avenge ...",Hindi,India,4.9,"1,990",tt0114726,movie
Russell Peters: Almost Famous,2016,N/A,07 Oct 2016,73,Comedy,David Higby,Russell Peters,Russell Peters,"Canadian comedy star, Russell Peters, visits Toronto's Massey Hall for a homecoming stand-up comedy performance. Russell returns to his trademark material of ethnic jokes and audience interaction.",English,USA,6.3,954,tt5946232,movie
Beauty and the Beast (2017),1991,G,22 Nov 1991,84,"Animation, Family, Fantasy","Gary Trousdale, Kirk Wise","Linda Woolverton (animation screenplay by), Brenda Chapman (story by), Chris Sanders (story by), Burny Mattinson (story by), Kevin Harkey (story by), Brian Pimental (story by), Bruce Woodside (story by), Joe Ranft (story by), Tom Ellery (story by), Kelly Asbury (story by), Robert Lence (story by)","Robby Benson, Jesse Corti, Rex Everhart, Angela Lansbury","A young woman whose father has been imprisoned by a terrifying beast offers herself in his place, unaware that her captor is actually a prince, physically altered by a magic spell.","English, French",USA,8.0,"361,317",tt0101414,movie
Secret Superstar,2017,NOT RATED,18 Oct 2017,150,"Drama, Family, Music",Advait Chandan,Advait Chandan (screenplay),"Zaira Wasim, Meher Vij, Raj Arjun, Tirth Sharma",Insia is a 14 year-old from Vadodara who dreams of being a singer one day.,Hindi,India,8.2,"8,537",tt6108090,movie
The Lord of the Rings: The Fellowship of the Ring,2001,PG-13,19 Dec 2001,178,"Adventure, Drama, Fantasy",Peter Jackson,"J.R.R. Tolkien (novel), Fran Walsh (screenplay), Philippa Boyens (screenplay), Peter Jackson (screenplay)","Alan Howard, Noel Appleby, Sean Astin, Sala Baker",A meek Hobbit from the Shire and eight companions set out on a journey to destroy the powerful One Ring and save Middle-earth from the Dark Lord Sauron.,"English, Sindarin","New Zealand, USA",8.8,"1,402,511",tt0120737,movie
300,2006,R,09 Mar 2007,117,"Action, Fantasy",Zack Snyder,"Zack Snyder (screenplay), Kurt Johnstad (screenplay), Michael B. Gordon (screenplay), Frank Miller (graphic novel), Lynn Varley (graphic novel)","Gerard Butler, Lena Headey, Dominic West, David Wenham",King Leonidas of Sparta and a force of 300 men fight the Persians at Thermopylae in 480 B.C.,English,USA,7.7,"663,587",tt0416449,movie
The Last Secrets of 9/11,2014,N/A,14 Aug 2014,60,Documentary,Elliot McCaffrey,N/A,Steven Mackintosh,N/A,English,UK,6.7,7,tt3967914,movie
Dirty Money,2018â€“,N/A,26 Jan 2018,60,Documentary,N/A,N/A,"Alberto Ayala, Roddy Boyd, Jonathon Braun, Hillary Clinton","A Netflix Original Series documenting various stories about exposing the greed, corruption, and crime spreading through the global economy.",English,USA,8.3,"1,738",tt7889220,series
The Jungle Book (2016),2016,PG,15 Apr 2016,106,"Adventure, Drama, Family",Jon Favreau,"Justin Marks (screenplay by), Rudyard Kipling (based on the books by)","Neel Sethi, Bill Murray, Ben Kingsley, Idris Elba","After a threat from the tiger Shere Khan forces him to flee the jungle, a man-cub named Mowgli embarks on a journey of self discovery with the help of panther, Bagheera, and free spirited bear, Baloo.",English,"UK, USA",7.5,"221,013",tt3040964,movie
The World's Most Extraordinary Homes,2017â€“2018,N/A,06 Jan 2017,59,Documentary,N/A,N/A,"Caroline Quentin, Piers Taylor",A celebration of extraordinary residential architecture from around the world with insight from an accomplished architect and his painfully screeching co-host.,English,UK,7.6,248,tt7804132,series
Aitraaz,2004,NOT RATED,12 Nov 2004,160,"Drama, Romance, Thriller","Abbas Alibhai Burmawalla, Mastan Alibhai Burmawalla","Shiraz Ahmed (screenplay), Shiraz Ahmed (story), Aadesh K. Arjun (dialogue), Shyam Goel (screenplay), Shyam Goel (story)","Akshay Kumar, Kareena Kapoor Khan, Priyanka Chopra, Amrish Puri",A man is accused of sexual harassment by his former lover and he has to prove his innocence in order to restore his dignity.,Hindi,India,6.8,"8,257",tt0418460,movie
Guru,2007,NOT RATED,12 Jan 2007,166,"Biography, Drama, Musical",Mani Ratnam,"Mani Ratnam (screenplay), Vijay Krishna Acharya (dialogue), Anurag Kashyap (additional dialogue), Sujatha (additional dialogue), Suhasini (additional dialogue)","Mithun Chakraborty, Abhishek Bachchan, Aishwarya Rai Bachchan, Madhavan","A villager, Gurukant Desai, arrives in Bombay 1958, and rises from its streets to become the GURU, the biggest tycoon in Indian history.",Hindi,India,7.8,"17,969",tt0499375,movie
Veronica,2017,TV-MA,25 Aug 2017,105,"Drama, Horror",Paco Plaza,"Fernando Navarro, Paco Plaza","Sandra Escacena, Bruna GonzÃ¡lez, Claudia Placer, IvÃ¡n Chavero","Madrid, 1991. A teen girl finds herself besieged by an evil supernatural force after she played Ouija with two classmates.",Spanish,Spain,6.3,"10,811",tt5862312,movie
Ladies First,2017,TV-G,08 Mar 2018,39,"Documentary, Short",Uraaz Bahl,N/A,N/A,"An inspirational survival story of Deepika Kumari who, as a girl born on the roadside to abject poverty in rural India, went in search of food, stumbled upon archery, and within 4 years became the Number One archer in the World.","Hindi, English",India,7.7,135,tt6896078,movie
Mr. Bean's Holiday,2007,G,24 Aug 2007,90,"Comedy, Family",Steve Bendelack,"Rowan Atkinson (character), Richard Curtis (character), Simon McBurney (story), Hamish McColl (screenplay), Robin Driscoll (screenplay)","Rowan Atkinson, Steve Pemberton, Lily Atkinson, Preston Nyman","Mr. Bean wins a trip to Cannes where he unwittingly separates a young boy from his father and must help the two come back together. On the way he discovers France, bicycling, and true love, among other things.","English, French, Spanish, Russian","UK, France, Germany, USA",6.4,"99,090",tt0453451,movie
Iqbal,2005,N/A,20 Jan 2006,132,"Drama, Sport",Nagesh Kukunoor,"Nagesh Kukunoor, Vipul K. Rawal (story)","Naseeruddin Shah, Girish Karnad, Shreyas Talpade, Shweta Prasad","Iqbal, the deaf and mute son of a farmer, has a passion for the game of cricket and seeks the tutelage of a washed-up, alcoholic ex-player.",Hindi,India,8.2,"12,086",tt0453729,movie
Kung Fu Panda: Holiday,2010,TV-PG,24 Nov 2010,21,"Animation, Short, Comedy",Tim Johnson,"Jonathan Groff, Jon Pollack","Jack Black, Dustin Hoffman, Angelina Jolie, Seth Rogen",Po is to host the annual winter holiday feast and he struggles to meet his friends' expectations.,English,USA,6.9,"4,321",tt1702433,movie
DreamWorks Kung Fu Panda Awesome Secrets,2008,N/A,N/A,30,N/A,N/A,N/A,N/A,"In this pair of adventures, Po tells the story of how masters Thundering Rhino, Storming Ox and Croc met and takes on Shifu's biggest challenge yet.",English,USA,N/A,N/A,tt6963796,series
Kung Fu Panda,2008,PG,06 Jun 2008,92,"Animation, Action, Adventure","Mark Osborne, John Stevenson","Jonathan Aibel (screenplay), Glenn Berger (screenplay), Ethan Reiff (story), Cyrus Voris (story)","Jack Black, Dustin Hoffman, Angelina Jolie, Ian McShane","The Dragon Warrior has to clash against the savage Tai Lung as China's fate hangs in the balance: However, the Dragon Warrior mantle is supposedly mistaken to be bestowed upon an obese panda who is a tyro in martial arts.",English,USA,7.6,"349,431",tt0441773,movie
Judwaa 2,2017,N/A,29 Sep 2017,145,"Action, Comedy",David Dhawan,"Yunus Sajawal (screenplay), Farhad Samji (dialogue), Sajid (dialogue)","Salman Khan, Jacqueline Fernandez, Anupam Kher, Varun Dhawan",Prem and Raja are twin brothers who are seperated at birth but are uniquely connected to eachother via their reflexes. They reunite as adults and set out to take down the underground smuggling world.,Hindi,India,4.0,"5,778",tt5456546,movie
Patiala House,2011,NOT RATED,11 Feb 2011,140,"Drama, Sport",Nikkhil Advani,"Nikkhil Advani (story & screenplay), Earl D'Souza (lyrics), Anvita Dutt Guptan (dialogues), Harshdeep Kaur (lyrics)","Rishi Kapoor, Dimple Kapadia, Akshay Kumar, Anushka Sharma Kohli",A victim of British racial violence and profiling prevents his son from playing cricket.,"Hindi, Panjabi, English",India,5.9,"7,637",tt1535467,movie
Pyaar Ka Punchnama,2011,N/A,20 May 2011,149,"Comedy, Drama, Romance",Luv Ranjan,"Luv Ranjan, Sumit Saxena (additional dialogue), Sumit Saxena (additional screenplay writer), Vaibhav Suman (additional dialogue), Vaibhav Suman (additional screenplay writer)","Kartik Aaryan, Raayo S. Bakhirta, Ranjit Batra, Nushrat Bharucha","After falling in love, three room-mates experience changes in their lives.","Hindi, English",India,7.7,"15,321",tt1926313,movie
Top 10 Secrets and Mysteries,2016â€“2017,TV-PG,01 Aug 2016,26,"Documentary, Sci-Fi",N/A,N/A,N/A,"Everyone loves a top 10, whether its your favorite TV show, your favorite film, a book, a restaurant. In this series we explore astonishing secrets and mysterious events around the world. Name your number ones.",English,"UK, USA, Czech Republic",5.3,42,tt6558262,series
A Russell Peters Christmas,2011,N/A,01 Dec 2011,44,Comedy,Henry Sarwer-Foner,"Luciano Casimiri, Jean Paul, Clayton Peters, Russell Peters, Kristeen Von Hagen","Russell Peters, Pamela Anderson, Michael BublÃ©, Ted Lange",A comedy Christmas special. Pamela Anderson; Ted Lange; Jon Lovitz; Scott Thompson.,English,Canada,3.8,253,tt2128408,movie
Ride Along 2,2016,PG-13,15 Jan 2016,102,"Action, Comedy",Tim Story,"Phil Hay, Matt Manfredi, Greg Coolidge (characters)","Ice Cube, Kevin Hart, Tika Sumpter, Benjamin Bratt","As his wedding day approaches, Ben heads to Miami with his soon-to-be brother-in-law James to bring down a drug dealer who's supplying the dealers of Atlanta with product.",English,USA,5.9,"43,081",tt2869728,movie
Dangal,2016,NOT RATED,21 Dec 2016,161,"Action, Biography, Drama",Nitesh Tiwari,"Piyush Gupta, Shreyas Jain, Nikhil Mehrotra, Rajshri Sudhakar (Dialogue Writer: Telugu), Nitesh Tiwari","Aamir Khan, Sakshi Tanwar, Fatima Sana Shaikh, Sanya Malhotra",Former wrestler Mahavir Singh Phogat and his two wrestler daughters struggle towards glory at the Commonwealth Games in the face of societal oppression.,Hindi,India,8.6,"89,807",tt5074352,movie
Zootopia,2016,PG,04 Mar 2016,108,"Animation, Adventure, Comedy","Byron Howard, Rich Moore, Jared Bush(co-director)","Byron Howard (story by), Rich Moore (story by), Jared Bush (story by), Jim Reardon (story by), Josie Trinidad (story by), Phil Johnston (story by), Jennifer Lee (story by), Jared Bush (screenplay by), Phil Johnston (screenplay by)","Ginnifer Goodwin, Jason Bateman, Idris Elba, Jenny Slate","In a city of anthropomorphic animals, a rookie bunny cop and a cynical con artist fox must work together to uncover a conspiracy.",English,USA,8.0,"337,385",tt2948356,movie
Peepli Live,2010,NOT RATED,13 Aug 2010,95,"Comedy, Drama","Anusha Rizvi, Mahmood Farooqui(co-director)","Bhadwai (lyrics), Swanand Kirkire (lyrics), Noon Meem Rashet (lyrics), Anusha Rizvi (screenplay), Gangaram Sakhet (lyrics), Sanjeev Sharma (lyrics)","Omkar Das Manikpuri, Raghuvir Yadav, Shalini Vatsa, Farrukh Jaffar",An impoverished farmer's threat to end his life invites attention from politicians and media.,"Hindi, English",India,7.5,"10,169",tt1447508,movie
Happy New Year,2014,N/A,24 Oct 2014,180,"Action, Comedy, Drama",Farah Khan,"Althea Kaushal, Farah Khan, Mayur Puri (dialogue)","Deepika Padukone, Shah Rukh Khan, Anupam Kher, Anurag Kashyap",A gang of an amateur dancers takes part in a dancing competition to avenge their personal vendetta.,Hindi,India,5.2,"29,318",tt2461132,movie
Sing,2016,PG,21 Dec 2016,108,"Animation, Comedy, Family","Garth Jennings, Christophe Lourdelet(co-director)",Garth Jennings,"Matthew McConaughey, Reese Witherspoon, Seth MacFarlane, Scarlett Johansson","In a city of humanoid animals, a hustling theater impresario's attempt to save his theater with a singing competition becomes grander than he anticipates even as its finalists' find that their lives will never be the same.","English, Japanese, Ukrainian","Japan, USA",7.1,"96,031",tt3470600,movie
Russell Peters: Notorious,2013,N/A,14 Oct 2013,71,Comedy,David Higby,Russell Peters,Russell Peters,"Global comedy star Russell Peters leaves no ethnic or cultural stereotype unstrapped in this outrageous stand-up appearance in Sydney, Australia.",English,USA,7.1,"1,057",tt3295244,movie
Now You See Me 2,2016,PG-13,10 Jun 2016,129,"Action, Adventure, Comedy",Jon M. Chu,"Ed Solomon (screenplay by), Ed Solomon (story by), Peter Chiarelli (story by), Boaz Yakin (based on characters created by), Edward Ricourt (based on characters created by)","Jesse Eisenberg, Mark Ruffalo, Woody Harrelson, Dave Franco","The Four Horsemen resurface, and are forcibly recruited by a tech genius to pull off their most impossible heist yet.","English, Mandarin, Cantonese","France, USA",6.5,"187,422",tt3110958,movie
Piku,2015,NOT RATED,08 May 2015,123,"Comedy, Drama",Shoojit Sircar,Juhi Chaturvedi,"Amitabh Bachchan, Deepika Padukone, Irrfan Khan, Moushumi Chatterjee","A quirky comedy about the relationship between a daughter and her aging father, whose eccentricities drive everyone crazy.","Hindi, Bengali",India,7.6,"21,590",tt3767372,movie
Kung Fu Panda 3,2016,PG,29 Jan 2016,95,"Animation, Action, Adventure","Alessandro Carloni, Jennifer Yuh Nelson","Jonathan Aibel, Glenn Berger","Jack Black, Bryan Cranston, Dustin Hoffman, Angelina Jolie","Continuing his ""legendary adventures of awesomeness"", Po must face two hugely epic, but different threats: one supernatural and the other a little closer to his home.","English, Mandarin","China, USA",7.1,"101,214",tt2267968,movie
Troy,2004,R,14 May 2004,163,"Drama, History, Romance",Wolfgang Petersen,"Homer (poem), David Benioff (screenplay)","Julian Glover, Brian Cox, Nathan Jones, Adoni Maropis","An adaptation of Homer's great epic, the film follows the assault on Troy by the united Greek forces and chronicles the fates of the men involved.",English,"USA, Malta, UK",7.2,"425,055",tt0332452,movie
Queen,2013,NOT RATED,07 Mar 2014,146,"Adventure, Comedy, Drama",Vikas Bahl,"Vikas Bahl (story and screenplay), Chaitally Parmar (story and screenplay), Parveez Sheikh (story and screenplay), Anvita Dutt (dialogue), Kangana Ranaut (dialogue)","Kangana Ranaut, Rajkummar Rao, Lisa Haydon, Jeffrey Ho",A Delhi girl from a traditional family sets out on a solo honeymoon after her marriage gets cancelled.,"Hindi, English, French, Japanese, Dutch",India,8.3,"49,884",tt3322420,movie
Pink,2016,NOT RATED,16 Sep 2016,136,Drama,Aniruddha Roy Chowdhury,"Shoojit Sircar (story), Aniruddha Roy Chowdhury (story), Ritesh Shah (story), Ritesh Shah (dialogue), Ritesh Shah (screenplay)","Tapsee Pannu, Kirti Kulhari, Andrea Tariang, Amitabh Bachchan","When three young women are implicated in a crime, a retired lawyer steps forward to help them clear their names.","Hindi, English",India,8.2,"26,684",tt5571734,movie
The Crown,2016â€“,TV-MA,04 Nov 2016,58,"Drama, History",N/A,Peter Morgan,"Claire Foy, Matt Smith, Victoria Hamilton, Vanessa Kirby",Follows the political rivalries and romance of Queen Elizabeth II's reign and the events that shaped the second half of the 20th century.,English,"UK, USA",8.7,"61,326",tt4786824,series
The Notebook,2004,PG-13,25 Jun 2004,123,"Drama, Romance",Nick Cassavetes,"Jeremy Leven (screenplay), Jan Sardi (adaptation), Nicholas Sparks (novel)","Tim Ivey, Gena Rowlands, Starletta DuPois, James Garner","A poor yet passionate young man falls in love with a rich young woman, giving her a sense of freedom, but they are soon separated because of their social differences.",English,USA,7.9,"444,610",tt0332280,movie
Airlift,2016,NOT RATED,22 Jan 2016,130,"Action, Drama, History",Raja Menon,"Raja Menon (story), Ritesh Shah (screenplay), Suresh Nair (screenplay), Raja Menon (screenplay), Rahul Nangia (screenplay), Ritesh Shah (dialogue)","Akshay Kumar, Nimrat Kaur, Kumud Mishra, Prakash Belawadi","When Iraq invades Kuwait in August, 1990, a callous Indian businessman becomes the spokesperson for more than 170,000 stranded countrymen.","Hindi, Malayalam, Arabic",India,8.1,"43,663",tt4387040,movie
Moana,2016,PG,23 Nov 2016,107,"Animation, Adventure, Comedy","Ron Clements, John Musker, Don Hall(co-director), Chris Williams(co-director)","Jared Bush (screenplay by), Ron Clements (story by), John Musker (story by), Chris Williams (story by), Don Hall (story by), Pamela Ribon (story by), Aaron Kandell (story by), Jordan Kandell (story by)","Auli'i Cravalho, Dwayne Johnson, Rachel House, Temuera Morrison","In Ancient Polynesia, when a terrible curse incurred by the Demigod Maui reaches Moana's island, she answers the Ocean's call to seek out the Demigod to set things right.",English,USA,7.6,"186,161",tt3521164,movie
Kung Fu Panda: Secrets of the Scroll,2016,TV-PG,05 Jan 2016,23,"Animation, Short, Action",Rodolphe Guenoden,Paul McEvoy,"Jack Black, Eliott Guenoden, James Hong, Dustin Hoffman","As Po looks for his lost action figures, the story of how the panda inadvertently helped create the Furious Five is told.",English,USA,7.1,935,tt5513770,movie
Dear Zindagi,2016,NOT RATED,23 Nov 2016,151,"Drama, Romance",Gauri Shinde,Gauri Shinde,"Alia Bhatt, Shah Rukh Khan, Kunal Kapoor, Priyanka Moodley","Kaira is a budding cinematographer in search of a perfect life. Her encounter with Jug, an unconventional thinker, helps her gain a new perspective on life. She discovers that happiness is all about finding comfort in life's imperfections.",Hindi,India,7.7,"27,651",tt5946128,movie
Ocean's Eleven,2001,PG-13,07 Dec 2001,116,"Crime, Thriller",Steven Soderbergh,"George Clayton Johnson, Jack Golden Russell, Harry Brown, Charles Lederer, Ted Griffin (screenplay)","George Clooney, Cecelia Ann Birt, Paul L. Nolan, Carol Florence",Danny Ocean and his eleven accomplices plan to rob three Las Vegas casinos simultaneously.,"English, Italian, Cantonese",USA,7.8,"445,160",tt0240772,movie
Raees,2017,N/A,25 Jan 2017,143,"Action, Crime, Thriller",Rahul Dholakia,"Rahul Dholakia, Harit Mehta, Niraj Shukla, Ashish Vashi","Raj Arjun, Shubham Chintamani, Shubham Tukaram, Dhanveer",A bootlegger sets out to improve his community as a promising leader but falls in a political trap.,Hindi,India,7.0,"33,103",tt3405236,movie
Special 26,2013,NOT RATED,08 Feb 2013,144,"Action, Crime, Thriller",Neeraj Pandey,Neeraj Pandey,"Akshay Kumar, Anupam Kher, Manoj Bajpayee, Jimmy Shergill",A gang of con-men rob prominent rich businessmen and politicians by posing as C.B.I and income tax officers.,Hindi,India,8.0,"41,121",tt2377938,movie
Zila Ghaziabad,2013,UNRATED,22 Feb 2013,142,"Action, Crime, Thriller",Anand Kumar,Vinay Sharma (screenplay),"Vivek Oberoi, Sanjay Dutt, Arshad Warsi, Paresh Rawal","In the city of Ghaziabad, gang war breaks between two rival groups led by Satbir Singh and Fauji. Thakur Pritam Singh, a corrupt police officer, is transferred to the city to handle the situation.",Hindi,India,3.6,"1,055",tt2171454,movie
Zindagi Gulzar Hai,2012â€“2013,N/A,30 Nov 2012,NA,Romance,N/A,N/A,"Waseem Abbas, Hina Khawaja Bayat, Fawad Khan, Kanwar Nafees",A school teacher was left by her husband with her 3 daughters and marries another women for the sake of getting a male child. The story focuses on gender biasness and the difference between the classes in terms of the affluence level.,"Urdu, English, Arabic",Pakistan,9.0,"1,732",tt2828240,series
Lucknow Central,2017,NOT RATED,15 Sep 2017,133,"Action, Crime, Drama",Ranjit Tiwari,"Aseem Arora (story), Ranjit Tiwari (story), Aseem Arora (screenplay and dialogue)","Farhan Akhtar, Diana Penty, Ronit Roy, Gippy Grewal","When an innocent man aspiring to be a musician is framed for committing a murder, he decides to form a music band with his co-prisoners for a competition, but his real intention seems to be different.",N/A,India,6.1,"1,645",tt5697870,movie
Finding Dory,2016,PG,17 Jun 2016,97,"Animation, Adventure, Comedy","Andrew Stanton, Angus MacLane(co-director)","Andrew Stanton (original story by), Andrew Stanton (screenplay by), Victoria Strouse (screenplay by), Bob Peterson (additional screenplay material by), Angus MacLane (additional story material by)","Ellen DeGeneres, Albert Brooks, Ed O'Neill, Kaitlin Olson","The friendly but forgetful blue tang fish, Dory, begins a search for her long-lost parents, and everyone learns a few things about the real meaning of family along the way.","English, Indonesian",USA,7.4,"186,669",tt2277860,movie
The Boss Baby,2017,PG,31 Mar 2017,97,"Animation, Comedy, Family",Tom McGrath,"Michael McCullers, Marla Frazee (based on the book by)","Alec Baldwin, Steve Buscemi, Jimmy Kimmel, Lisa Kudrow","A suit-wearing, briefcase-carrying baby pairs up with his 7-year old brother to stop the dastardly plot of the CEO of Puppy Co.","English, Spanish",USA,6.3,"76,431",tt3874544,movie
Delhi Belly,2011,NOT RATED,01 Jul 2011,103,"Comedy, Crime","Abhinay Deo, Akshat Verma",Akshat Verma,"Imran Khan, Vir Das, Kunaal Roy Kapur, Shenaz Treasury",Three struggling room-mates unknowingly become potential prey of a ruthless gangster.,"English, Hindi",India,7.6,"21,966",tt1934231,movie
King Kong,2005,PG-13,14 Dec 2005,187,"Action, Adventure, Drama",Peter Jackson,"Fran Walsh (screenplay), Philippa Boyens (screenplay), Peter Jackson (screenplay), Merian C. Cooper (based on a story by), Edgar Wallace (based on a story by)","Naomi Watts, Jack Black, Adrien Brody, Thomas Kretschmann","In 1933 New York, an overly ambitious movie producer coerces his cast and hired ship crew to travel to the mysterious Skull Island, where they encounter Kong, a giant ape who is immediately smitten with leading lady Ann Darrow.",English,"New Zealand, USA, Germany",7.2,"347,854",tt0360717,movie
El Escape de Hitler,NA,NA,NA,NA,NA,NA,NA,NA,NA,NA,NA,NA,NA,NA,NA
World War II in Colour,2009â€“,N/A,N/A,NA,"Documentary, War",N/A,N/A,Robert Powell,Recounts the events of world War II in color.,English,UK,8.8,"1,688",tt2069688,series
Jaane Tu... Ya Jaane Na,2008,N/A,04 Jul 2008,155,"Comedy, Drama, Romance",Abbas Tyrewala,Abbas Tyrewala,"Imran Khan, Genelia D'Souza, Manjari Phadnis, Ayaz Khan",Two best friends being convinced that they are not in love search for each other's love.,Hindi,India,7.5,"21,460",tt0473367,movie
Jhansi Ki Rani,1953,N/A,N/A,97,"Biography, Drama, History",Sohrab Modi,"L. Bijlani (dialogue), Pandit S.R. Dube (story), Geza Herczeg (screenplay), Adi F. Keeka (screenplay), William DeLane Lea (dialogue director), Sudarshan (screenplay)","Mehtab, Sohrab Modi, Mubarak, Ulhas",Rajguru (Sohrab Modi) decides that Jhansi should get its proper recognition in history. He comes across a young girl Manu (the young Rani Lakshmibai) played by Baby Shikha. Her father has ...,"Hindi, English",India,7.2,61,tt0044769,movie
Oh My God,2009,N/A,20 Aug 2010,93,Documentary,Peter Rodger,Peter Rodger,"Peter Rodger, Hugh Jackman, Ringo Starr, David Copperfield","People from all walks of life are asked ""What is God?""",English,USA,6.2,406,tt1326954,movie
Lagaan,2001,PG,08 May 2002,224,"Adventure, Drama, Musical",Ashutosh Gowariker,"Ashutosh Gowariker (story), Ashutosh Gowariker (screenplay), Kumar Dave (screenplay), Sanjay Dayma (screenplay), K.P. Saxena (dialogue)","Aamir Khan, Gracy Singh, Rachel Shelley, Paul Blackthorne",The people of a small village in Victorian India stake their future on a game of cricket against their ruthless British rulers.,"Hindi, English, Awadhi, Urdu",India,8.2,"85,290",tt0169102,movie
Stranger Things,2016â€“,TV-14,15 Jul 2016,51,"Drama, Fantasy, Horror",N/A,"Matt Duffer, Ross Duffer","Winona Ryder, David Harbour, Finn Wolfhard, Millie Bobby Brown","When a young boy disappears, his mother, a police chief, and his friends, must confront terrifying forces in order to get him back.",English,USA,8.9,"463,912",tt4574334,series
Banking on Bitcoin,2016,N/A,N/A,90,"Documentary, History, News",Christopher Cannucciari,"Christopher Cannucciari, Prichard Smith","Wences Casares, Nathanial Popper, Gavin Andresen, Naomi Brockwell","Bitcoin is the most disruptive invention since the Internet, and now an ideological battle is underway between fringe utopists and mainstream capitalism. The film shows the players who are defining how this technology will shape our lives.",English,USA,6.6,"2,637",tt5033790,movie
Golmaal Returns,2008,NOT RATED,29 Oct 2008,135,"Comedy, Crime",Rohit Shetty,"Indie (lyrics), Rumi Jaffery, Ashiesh Pandit (lyrics), Yunus Sajawal (screenplay), Sameer (lyrics), Neeraj Shridhar (lyrics), Neeraj Vora (dialogue)","Ajay Devgn, Kareena Kapoor Khan, Arshad Warsi, Tusshar Kapoor","A man is sandwiched between his over possessive and wife and a police inspector, where he is suspected for adultery and murder.",Hindi,India,5.0,"5,592",tt1092005,movie
Jab Harry Met Sejal,2017,N/A,04 Aug 2017,143,"Comedy, Drama, Romance",Imtiaz Ali,Imtiaz Ali,"Shah Rukh Khan, Anushka Sharma Kohli, BjÃ¶rn Freiberg, Martavious Gayles",A depressed middle-aged tour guide who lives in his own bubble gets another chance to experience and face reality through a chirpy girl.,Hindi,India,5.5,"14,099",tt5997666,movie
The Bounty Hunter,2010,PG-13,19 Mar 2010,110,"Action, Comedy, Romance",Andy Tennant,Sarah Thorp,"Gerard Butler, Jennifer Aniston, Gio Perez, Joel Marsh Garland","A bounty hunter learns that his next target is his ex-wife, a reporter working on a murder cover-up. Soon after their reunion, the always-at-odds duo find themselves on a run-for-their-lives adventure.","English, Ukrainian",USA,5.5,"106,197",tt1038919,movie
Mujhse Shaadi Karogi,2004,N/A,30 Jul 2004,163,"Comedy, Drama, Romance",David Dhawan,"Anees Bazmee, Rumi Jaffery (dialogue)","Salman Khan, Akshay Kumar, Priyanka Chopra, Amrish Puri","Sameer, fast at losing his temper is re-located to Goa where he falls in love with Rani. But Sameer's new roommate Sunny, has some plans of his own.",Hindi,India,6.8,"10,920",tt0418362,movie
Baahubali: The Beginning (Hindi Version),2015,NOT RATED,09 Jul 2015,159,"Action, Drama, Fantasy",S.S. Rajamouli,"Vijayendra Prasad (story by), S.S. Rajamouli (screenplay by), C.H. Vijay Kumar (telugu dialogue), Ajay Kumar (telugu dialogue), Madhan Karky (tamil dialogue), Manoj Muntashir (hindi dialogue)","Prabhas, Rana Daggubati, Anushka Shetty, Tamannaah Bhatia","In ancient India, an adventurous and daring man becomes involved in a decades old feud between two warring people.","Telugu, Tamil, Hindi",India,8.2,"85,003",tt2631186,movie
"9/11: Truth, Lies and Conspiracies",2016,N/A,N/A,46,"Documentary, History",Nick London,N/A,Nick London,N/A,English,UK,5.4,49,tt7645904,movie
Vir Das: Abroad Understanding,2017,TV-MA,25 Apr 2017,65,Comedy,Marcus Raboy,Vir Das,Vir Das,"Comedian Vir Das critics nationalism, globalism and bad politics in two performances in New York and New Delhi.",English,USA,6.6,880,tt6822400,movie
The Brothers Bloom,2008,PG-13,19 Jun 2009,114,"Adventure, Comedy, Drama",Rian Johnson,Rian Johnson,"Rachel Weisz, Adrien Brody, Mark Ruffalo, Rinko Kikuchi","The Brothers Bloom are the best con men in the world, swindling millionaires with complex scenarios of lust and intrigue. Now they've decided to take on one last job - showing a beautiful and eccentric heiress the time of her life with a romantic adventure that takes them around the world.","English, French, Czech, Japanese",USA,6.8,"44,532",tt0844286,movie
Getaway Plan,NA,NA,NA,NA,NA,NA,NA,NA,NA,NA,NA,NA,NA,NA,NA
The Captive,2014,R,12 Dec 2014,112,"Crime, Drama, Mystery",Atom Egoyan,"Atom Egoyan (screenplay), David Fraser (screenplay), Atom Egoyan (story)","Kevin Durand, Alexia Fast, Mireille Enos, Rosario Dawson","Eight years after the disappearance of Cassandra, some disturbing incidents seem to indicate that she's still alive. Police, parents and Cassandra herself, will try to unravel the mystery of her disappearance.",English,Canada,5.9,"23,194",tt2326612,movie
Naked,1993,NOT RATED,04 Feb 1994,132,"Comedy, Drama",Mike Leigh,Mike Leigh,"David Thewlis, Lesley Sharp, Katrin Cartlidge, Greg Cruttwell","Parallel tales of two sexually obsessed men, one hurting and annoying women physically and mentally, one wandering around the city talking to strangers and experiencing dimensions of life.",English,UK,7.9,"27,402",tt0107653,movie
Knight and Day,2010,PG-13,23 Jun 2010,109,"Action, Adventure, Comedy",James Mangold,Patrick O'Neill,"Tom Cruise, Cameron Diaz, Peter Sarsgaard, Jordi MollÃ ",A young woman gets mixed up with a disgraced spy who is trying to clear his name.,"English, German, Spanish",USA,6.3,"160,982",tt1013743,movie
Everything Must Go,2010,R,14 Oct 2011,97,"Comedy, Drama",Dan Rush,"Dan Rush, Raymond Carver (short story ""Why Don't You Dance"")","Will Ferrell, Christopher Jordan Wallace, Rebecca Hall, Michael PeÃ±a","When an alcoholic relapses, causing him to lose his wife and his job, he holds a yard sale on his front lawn in an attempt to start over. A new neighbor might be the key to his return to form.",English,USA,6.4,"44,214",tt1531663,movie
THE WAY BACK,2010,PG-13,21 Jan 2011,133,"Adventure, Drama, History",Peter Weir,"Keith R. Clarke (screenplay), Slavomir Rawicz (novel), Peter Weir (screenplay)","Dragos Bucur, Colin Farrell, Ed Harris, Alexandru Potocean","Siberian gulag escapees travel 4,000 miles by foot to freedom in India.","English, Russian, Polish","USA, United Arab Emirates, Poland",7.3,"96,722",tt1023114,movie
Death Note,2006â€“2007,TV-14,03 Oct 2006,24,"Animation, Crime, Drama",N/A,N/A,"Mamoru Miyano, Brad Swaile, Vincent Tong, RyÃ´ NaitÃ´",An intelligent high school student goes on a secret crusade to eliminate criminals from the world after discovering a notebook capable of killing anyone whose name is written into it.,Japanese,Japan,9.0,"153,241",tt0877057,series
Stories by Rabindranath Tagore,2015,N/A,06 Jul 2015,NA,Drama,N/A,N/A,"Radhika Apte, Zachary Coffin, Kranti Prakash Jha, Amrita Puri",Adaptation of Nobel laureate Rabindranath Tagore's stories by acclaimed Indian director Anurag Basu.,"Hindi, Bengali",India,9.0,452,tt4853764,series
Pyaar Ka Punchnama 2,2015,NOT RATED,16 Oct 2015,137,"Comedy, Drama, Romance",Luv Ranjan,"Luv Ranjan (story), Rahul Mody (screenplay and dialogue), Tarun Jain (screenplay and dialogue), Luv Ranjan (screenplay and dialogue)","Sunny Singh Nijjar, Sonalli Sehgal, Kartik Aaryan, Nushrat Bharucha","After falling in love, three roommates experience changes in their lives.",Hindi,India,7.3,"11,111",tt4430136,movie
Recess: Taking the Fifth Grade,2003,G,09 Dec 2003,62,"Animation, Comedy, Family",Howy Parkins,"Elijah Aron, Bart Jennett","Rickey D'Shon Collins, Jason Davis, Myles Jeffrey, Ashley Johnson",Wow - fifth grade. But what good is practically being a grown-up when the teacher's a big sourpuss?,English,USA,6.9,"1,467",tt0382937,movie
The Founder,2016,PG-13,20 Jan 2017,115,"Biography, Drama, History",John Lee Hancock,Robert D. Siegel,"Michael Keaton, Nick Offerman, John Carroll Lynch, Linda Cardellini","The story of Ray Kroc, a salesman who turned two brothers' innovative fast food eatery, McDonald's, into the biggest restaurant business in the world, with a combination of ambition, persistence, and ruthlessness.",English,USA,7.2,"77,264",tt4276820,movie
Doctor Strange,2016,PG-13,04 Nov 2016,115,"Action, Adventure, Fantasy",Scott Derrickson,"Jon Spaihts, Scott Derrickson, C. Robert Cargill, Stan Lee (based on the Marvel comics by), Steve Ditko (based on the Marvel comics by)","Benedict Cumberbatch, Chiwetel Ejiofor, Rachel McAdams, Benedict Wong","While on a journey of physical and spiritual healing, a brilliant neurosurgeon is drawn into the world of the mystic arts.",English,USA,7.5,"393,770",tt1211837,movie
Breaking Bad,2008â€“2013,TV-MA,20 Jan 2008,49,"Crime, Drama, Thriller",N/A,Vince Gilligan,"Bryan Cranston, Anna Gunn, Aaron Paul, Dean Norris",A high school chemistry teacher diagnosed with inoperable lung cancer turns to manufacturing and selling methamphetamine in order to secure his family's future.,"English, Spanish",USA,9.5,"1,079,016",tt0903747,series
Aditi Mittal: Things They Wouldn't Let Me Say,2017,TV-MA,18 Jul 2017,NA,Comedy,Fazila Allana,Aditi Mittal,Aditi Mittal,"Trailblazing comic Aditi Mittal mixes topical stand-up with frank talk about being single, wearing thongs and the awkwardness of Indian movie ratings.",English,India,4.2,175,tt7127976,movie
Rogue One: A Star Wars Story,2016,PG-13,16 Dec 2016,133,"Action, Adventure, Sci-Fi",Gareth Edwards,"Chris Weitz (screenplay by), Tony Gilroy (screenplay by), John Knoll (story by), Gary Whitta (story by), George Lucas (based on characters created by)","Felicity Jones, Diego Luna, Alan Tudyk, Donnie Yen",The daughter of an Imperial scientist joins the Rebel Alliance in a risky move to steal the Death Star plans.,English,USA,7.8,"413,891",tt3748528,movie
Bheja Fry 2,2011,N/A,17 Jun 2011,129,"Comedy, Drama",Sagar Ballary,"Sagar Ballary (screenplay), Sharat Katariya (dialogue), Sharat Katariya (screenplay)","Vinay Pathak, Kay Kay Menon, Minissha Lamba, Rukhsar Rehman",A tax-evading businessman and an income-tax officer get stranded on an isolated island.,"Hindi, Marathi, Bengali, English",India,4.6,"1,046",tt1939654,movie
Titanic,1997,PG-13,19 Dec 1997,194,"Drama, Romance",James Cameron,James Cameron,"Leonardo DiCaprio, Kate Winslet, Billy Zane, Kathy Bates","A seventeen-year-old aristocrat falls in love with a kind but poor artist aboard the luxurious, ill-fated R.M.S. Titanic.","English, Swedish",USA,7.8,"889,264",tt0120338,movie
The Secret Life of Pets,2016,PG,08 Jul 2016,87,"Animation, Adventure, Comedy","Chris Renaud, Yarrow Cheney(co-director)","Cinco Paul, Ken Daurio, Brian Lynch","Louis C.K., Eric Stonestreet, Kevin Hart, Jenny Slate","The quiet life of a terrier named Max is upended when his owner takes in Duke, a stray whom Max instantly dislikes.",English,"Japan, USA",6.5,"142,618",tt2709768,movie
Inside Job,2010,PG-13,12 Nov 2010,105,"Documentary, Crime",Charles Ferguson,"Charles Ferguson, Chad Beck, Adam Bolt","Matt Damon, Gylfi Zoega, Andri SnÃ¦r Magnason, Sigridur Benediktsdottir",Takes a closer look at what brought about the 2008 financial meltdown.,English,USA,8.3,"62,391",tt1645089,movie
Drishyam,2015,NOT RATED,31 Jul 2015,163,"Crime, Drama, Mystery",Nishikant Kamat,"Jeethu Joseph (original story), Upendra Sidhaye (adapted by)","Ajay Devgn, Shriya Saran, Tabu, Rajat Kapoor","Desperate measures are taken by a man who tries to save his family from the dark side of the law, after they commit an unexpected crime.",Hindi,India,8.3,"45,517",tt4430212,movie
Kung Fu Panda 2,2011,PG,26 May 2011,90,"Animation, Action, Adventure",Jennifer Yuh Nelson,"Jonathan Aibel, Glenn Berger","Jack Black, Angelina Jolie, Dustin Hoffman, Gary Oldman","Po and his friends fight to stop a peacock villain from conquering China with a deadly new weapon, but first the Dragon Warrior must come to terms with his past.",English,USA,7.3,"209,100",tt1302011,movie
Quantico,2015â€“,TV-14,01 Sep 2015,42,"Crime, Drama, Mystery",N/A,Joshua Safran,"Priyanka Chopra, Jake McLaughlin, Johanna Braddy, Aunjanue Ellis",A look at the lives of young FBI recruits training at the Quantico base in Virginia when one of them is suspected of being a sleeper terrorist.,English,USA,7.1,"44,363",tt4428122,series
Hasan Minhaj: Homecoming King,2017,TV-MA,23 May 2017,73,Comedy,Christopher Storer,Hasan Minhaj,Hasan Minhaj,"In his first stand-up special, Hasan Minhaj weaves humorous and heartbreaking anecdotes to tell his life story as an Indian-American Muslim. Topics include racism, bullying and meeting the demanding expectations of his immigrant parents.",English,N/A,8.3,"2,723",tt6900644,movie
The Big Short,2015,R,23 Dec 2015,130,"Biography, Comedy, Drama",Adam McKay,"Charles Randolph (screenplay), Adam McKay (screenplay), Michael Lewis (book)","Ryan Gosling, Rudy Eisenzopf, Casey Groves, Charlie Talbert",In 2006-7 a group of investors bet against the US mortgage market. In their research they discover how flawed and corrupt the market is.,English,USA,7.8,"275,826",tt1596363,movie
Minions,2015,PG,10 Jul 2015,91,"Animation, Action, Adventure","Kyle Balda, Pierre Coffin",Brian Lynch,"Sandra Bullock, Jon Hamm, Michael Keaton, Allison Janney","Minions Stuart, Kevin, and Bob are recruited by Scarlet Overkill, a supervillain who, alongside her inventor husband Herb, hatches a plot to take over the world.","English, Spanish",USA,6.4,"176,049",tt2293640,movie
Area 51,2015,R,15 May 2015,91,"Horror, Sci-Fi, Thriller",Oren Peli,"Christopher Denham, Oren Peli","Reid Warner, Darrin Bragg, Ben Rovner, Jelena Nik","Three young conspiracy theorists attempt to uncover the mysteries of Area 51, the government's secret location rumored to have hosted encounters with alien beings. What they find at this hidden facility exposes unimaginable secrets.",English,USA,4.2,"10,468",tt1519461,movie
The Spy Next Door,2010,PG,15 Jan 2010,94,"Action, Comedy, Family",Brian Levant,"Jonathan Bernstein (screenplay), James Greer (screenplay), Gregory Poirier (screenplay), Jonathan Bernstein (story), James Greer (story)","Jackie Chan, Amber Valletta, Madeline Carroll, Will Shadley","Former CIA spy Bob Ho takes on his toughest assignment to date: looking after his girlfriend's three kids, who haven't exactly warmed to their mom's beau.",English,USA,5.4,"34,040",tt1273678,movie
The SpongeBob SquarePants Movie,2004,PG,19 Nov 2004,87,"Animation, Adventure, Comedy","Stephen Hillenburg, Mark Osborne","Stephen Hillenburg (television series SpongeBob SquarePants), Stephen Hillenburg (story), Derek Drymon, Tim Hill, Stephen Hillenburg, Kent Osborne, Aaron Springer, Paul Tibbitt","Tom Kenny, Clancy Brown, Rodger Bumpass, Bill Fagerbakke",SpongeBob SquarePants takes leave from the town of Bikini Bottom in order to track down King Neptune's stolen crown.,English,USA,7.0,"66,085",tt0345950,movie
Chicken Run,2000,G,23 Jun 2000,84,"Animation, Adventure, Comedy","Peter Lord, Nick Park","Peter Lord (original story), Nick Park (original story), Karey Kirkpatrick (screenplay), Mark Burton (additional dialogue), John O'Farrell (additional dialogue)","Phil Daniels, Lynn Ferguson, Mel Gibson, Tony Haygarth","When a cockerel apparently flies into a chicken farm, the chickens see him as an opportunity to escape their evil owners.",English,"UK, USA, France",7.0,"154,842",tt0120630,movie
Open Season,2006,PG,29 Sep 2006,86,"Animation, Adventure, Comedy","Roger Allers, Jill Culton, Anthony Stacchi(co-director)","Steve Bencich (screenplay by), Ron J. Friedman (screenplay by), Nat Mauldin (screenplay by), Jill Culton (screen story by), Anthony Stacchi (screen story by), Steve Moore (from an original story by), John B. Carls (from an original story by), Sam Harper (additional story material), Dan Wilson (additional story material), David Gilbreth (additional story material)","Martin Lawrence, Ashton Kutcher, Gary Sinise, Debra Messing","Boog, a domesticated 900lb. Grizzly bear, finds himself stranded in the woods 3 days before Open Season. Forced to rely on Elliot, a fast-talking mule deer, the two form an unlikely friendship and must quickly rally other forest animals if they are to form a rag-tag army against the hunters.",English,USA,6.2,"73,309",tt0400717,movie
Hotel Transylvania,2012,PG,28 Sep 2012,91,"Animation, Comedy, Family",Genndy Tartakovsky,"Peter Baynham (screenplay by), Robert Smigel (screenplay by), Todd Durham (story by), Dan Hageman (story by), Kevin Hageman (story by)","Adam Sandler, Andy Samberg, Selena Gomez, Kevin James","Dracula, who operates a high-end resort away from the human world, goes into overprotective mode when a boy discovers the resort and falls for the count's teenaged daughter.",English,USA,7.1,"185,987",tt0837562,movie
The Smurfs 2,2013,PG,31 Jul 2013,105,"Animation, Adventure, Comedy",Raja Gosnell,"J. David Stem (screenplay), David N. Weiss (screenplay), Jay Scherick (screenplay), David Ronn (screenplay), Karey Kirkpatrick (screenplay), J. David Stem (story), David N. Weiss (story), Jay Scherick (story), David Ronn (story), Peyo (characters and works)","Hank Azaria, Neil Patrick Harris, Brendan Gleeson, Jayma Mays","The Smurfs team up with their human friends to rescue Smurfette, who has been abducted by Gargamel, since she knows a secret spell that can turn the evil sorcerer's newest creation, creatures called ""The Naughties"", into real Smurfs.","English, French","USA, France, Canada",5.4,"31,701",tt2017020,movie
Inkaar,2013,NOT RATED,18 Jan 2013,125,"Drama, Romance, Thriller",Sudhir Mishra,Sudhir Mishra,"Arjun Rampal, Chitrangda Singh, Vipin Sharma, Mithun Rodwittiya","At a leading ad agency, the battle for the top job between Rahul Verma, the advertising CEO, and Maya Luthra, his ambitious protégée, takes an ugly turn when Maya files a sexual harassment complaint against Rahul.",Hindi,India,6.0,"2,119",tt2094854,movie
Tanu Weds Manu,2011,NOT RATED,25 Feb 2011,113,"Comedy, Drama, Romance",Anand L. Rai,Himanshu Sharma (screenplay & dialogue),"Madhavan, Kangana Ranaut, Jimmy Shergill, Deepak Dobriyal","Manu comes to India to find a bride for himself and falls for Tanu at first sight but Tanu, a free spirited girl has no plans of marrying him.","Hindi, Panjabi",India,6.7,"10,573",tt1694542,movie
Scrubs,2001â€“2010,TV-14,02 Oct 2001,22,"Comedy, Drama",N/A,Bill Lawrence,"Donald Faison, John C. McGinley, Ken Jenkins, Zach Braff","In the unreal world of Sacred Heart Hospital, intern John ""J.D."" Dorian learns the ways of medicine, friendship, and life.","English, German, Spanish, American Sign Language",USA,8.4,"211,928",tt0285403,series
M.S. Dhoni: The Untold Story,2016,N/A,30 Sep 2016,184,"Biography, Drama, Sport",Neeraj Pandey,"Neeraj Pandey (story and dialogue), Neeraj Pandey (screenplay), Dilip Jha (screenplay), Mohinder Pratap Singh (writing associate), Shyam Maheshwari (writing associate)","Disha Patani, Anupam Kher, Sushant Singh Rajput, Bhoomika Chawla",The untold story of Mahendra Singh Dhoni's journey from ticket collector to trophy collector - the world-cup-winning captain of the Indian Cricket Team.,Hindi,India,7.8,"24,784",tt4169250,movie
Kahi Suni,2015â€“,N/A,N/A,22,N/A,N/A,N/A,N/A,Sara Khan acts as travel guide to colorful Indian locations steeped in history as she delves into the stories associated with these legendary spots.,Hindi,India,8.3,6,tt6917630,series
Osama Bin Laden: Up Close and Personal,2016,N/A,N/A,45,"Documentary, Biography, History",Alexander Berkel,N/A,Osama bin Laden,"This ZDF documentary describes the life of Osama during his last years' hiding in Abbottabad, Pakistan. Based on new letters exchanged with family members, international historians and ...",German,Germany,5.6,14,tt6898418,movie
Anastasia,1997,G,21 Nov 1997,94,"Animation, Adventure, Drama","Don Bluth, Gary Goldman","Susan Gauthier (screenplay), Bruce Graham (screenplay), Bob Tzudiker (screenplay), Noni White (screenplay), Eric Tuchman (animation adaptation)","Meg Ryan, John Cusack, Kelsey Grammer, Christopher Lloyd","The last surviving child of the Russian Royal Family joins two con men to reunite with her grandmother, the Dowager Empress, while the undead Rasputin seeks her death.","English, Russian, French",USA,7.1,"97,361",tt0118617,movie
The Dino King,NA,NA,NA,NA,NA,NA,NA,NA,NA,NA,NA,NA,NA,NA,NA
Talking Tom and Friends,2014â€“,TV-G,24 Dec 2014,11,"Animation, Adventure, Comedy",N/A,"Boris Dolenc, Samo Login, Tom Martin","Colin Hanks, Tom Kenny, James Adomian, Lisa Schwartz",The animated series of Talking Tom & his friends.,English,"Cyprus, Austria, Thailand",7.7,76,tt4648640,series
Tarzan,1999,G,18 Jun 1999,88,"Animation, Adventure, Family","Chris Buck, Kevin Lima","Tab Murphy (screenplay), Bob Tzudiker (screenplay), Noni White (screenplay), Stephen J. Anderson (story), Mark Kennedy (story), Carole Holliday (story), Gaëtan Brizzi (story), Paul Brizzi (story), Don Dougherty (story), Ed Gombert (story), Randy Haycock (story), Don Hall (story), Kevin Harkey (story), Glen Keane (story), Burny Mattinson (story), Frank Nissen (story), John Norton (story), Jeff Snow (story), Michael Surrey (story), Chris Ure (story), Mark Walton (story), Stevie Wermers (story), Kelly Wightman (story), John Ramirez (story), Edgar Rice Burroughs (story ""Tarzan of the Apes"")","Brian Blessed, Glenn Close, Minnie Driver, Tony Goldwyn",A man raised by gorillas must decide where he really belongs when he discovers he is a human.,English,USA,7.2,"165,862",tt0120855,movie
Tarzan 2,2005,G,13 Jun 2005,72,"Animation, Adventure, Comedy",Brian Smith,"Edgar Rice Burroughs (""Tarzan"" stories), Jim Kammerud (screenplay), Brian Smith (screenplay), Bob Tzudiker (screenplay), Noni White (screenplay), Evan Spiliotopoulos (additional story material), Rhett Reese (additional story material)","Harrison Chad, George Carlin, Brad Garrett, Ron Perlman",The tale of Tarzan's misadventures as a boy as he searches for his true identity and the meaning of family.,English,USA,5.6,"6,991",tt0437503,movie
The Lost World: Jurassic Park,1997,PG-13,23 May 1997,129,"Action, Adventure, Sci-Fi",Steven Spielberg,"Michael Crichton (novel), David Koepp (screenplay)","Jeff Goldblum, Julianne Moore, Pete Postlethwaite, Arliss Howard",A research team is sent to the Jurassic Park Site B island to study the dinosaurs there while another team approaches with another agenda.,"English, Spanish",USA,6.5,"313,063",tt0119567,movie
Jurassic Park III,2001,PG-13,18 Jul 2001,92,"Action, Adventure, Sci-Fi",Joe Johnston,"Michael Crichton (characters), Peter Buchman, Alexander Payne, Jim Taylor","Sam Neill, William H. Macy, TÃ©a Leoni, Alessandro Nivola","A decidedly odd couple with ulterior motives convince Dr. Alan Grant to go to Isla Sorna (the second InGen dinosaur lab.), resulting in an unexpected landing...and unexpected new inhabitants on the island.","English, Spanish",USA,5.9,"246,769",tt0163025,movie
Baby's Day Out,1994,PG,01 Jul 1994,99,"Adventure, Comedy, Crime",Patrick Read Johnson,John Hughes,"Joe Mantegna, Lara Flynn Boyle, Joe Pantoliano, Brian Haley","Baby Bink couldn't ask for more; he has adoring (if somewhat sickly-sweet) parents, he lives in a huge mansion, and he's just about to appear in the social pages of the paper. Unfortunately...",English,USA,6.0,"37,983",tt0109190,movie
Jurassic Park,1993,PG-13,11 Jun 1993,127,"Adventure, Sci-Fi, Thriller",Steven Spielberg,"Michael Crichton (novel), Michael Crichton (screenplay), David Koepp (screenplay)","Sam Neill, Laura Dern, Jeff Goldblum, Richard Attenborough","During a preview tour, a theme park suffers a major power breakdown that allows its cloned dinosaur exhibits to run amok.","English, Spanish",USA,8.1,"712,884",tt0107290,movie
Haraamkhor,2015,N/A,13 Jan 2017,90,Drama,Shlok Sharma,Shlok Sharma,"Nawazuddin Siddiqui, Shweta Tripathi, Trimala Adhikari, Irfan Khan","An unlikely love triangle unfolds when married professor, Shyam, has an illicit affair with his student, Sandhya, who in turn is trying to be wooed by her classmate Kamal. Haraamkhor is a prohibited love story witnessed by two adolescents.",Hindi,India,6.4,"2,365",tt2361746,movie
Dhanak,NA,NA,NA,NA,NA,NA,NA,NA,NA,NA,NA,NA,NA,NA,NA
Udta Punjab,2016,TV-MA,17 Jun 2016,148,"Action, Crime, Drama",Abhishek Chaubey,"Sudip Sharma (screenplay), Abhishek Chaubey (screenplay), Sudip Sharma (dialogue)","Shahid Kapoor, Kareena Kapoor Khan, Alia Bhatt, Diljit Dosanjh",A story that revolves around drug abuse in the affluent north Indian State of Punjab and how the youth there have succumbed to it en-masse resulting in a socio-economic decline.,"Hindi, Panjabi",India,7.8,"19,677",tt4434004,movie
Rustom,2016,N/A,12 Aug 2016,148,"Crime, Drama, Thriller",Dharmendra Suresh Desai,Vipul K. Rawal,"Akshay Kumar, Ileana D'Cruz, Manoj Bajpayee, Esha Gupta","A naval officer returns home to find out about his wife's affair. Soon, he surrenders after murdering the lover but as the case unfolds, it starts to reveal his hidden intention.","English, Hindi",India,7.1,"17,220",tt5165344,movie
Barry,2016,N/A,16 Dec 2016,104,"Biography, Drama",Vikram Gandhi,Adam Mansbach,"Devon Terrell, Anya Taylor-Joy, Jason Mitchell, Ellar Coltrane",A look into the early life of U.S. President Barack Obama.,"English, Swahili",USA,5.9,"4,556",tt5477566,movie
Dum Laga Ke Haisha,2015,NOT RATED,27 Feb 2015,110,"Comedy, Drama, Romance",Sharat Katariya,Sharat Katariya,"Bhumi Pednekar, Ayushmann Khurrana, Sanjay Mishra, Kumar Sanu",Prem and his oversized wife Sandhya are supposed to spend a lifetime together. Will a regular arranged marriage turn out to be a perfect mismatch?,Hindi,India,7.5,"12,555",tt3495030,movie
Limitless,2011,PG-13,18 Mar 2011,105,"Mystery, Sci-Fi, Thriller",Neil Burger,"Leslie Dixon (screenplay), Alan Glynn (novel)","Bradley Cooper, Robert De Niro, Abbie Cornish, Andrew Howard","With the help of a mysterious pill that enables the user to access one hundred percent of his brain abilities, a struggling writer becomes a financial wizard, but it also puts him in a new world with lots of dangers.","English, Russian, Italian, Mandarin, French",USA,7.4,"464,577",tt1219289,movie
Saala Khadoos,2016,N/A,29 Jan 2016,109,"Action, Drama, Sport",Sudha Kongara,"Sudha Kongara (script), Sudha Kongara (story and screenplay), Sudha Kongara, Madhavan (screenplay and dialogue), Arun Matheshwaran (dialogue), Manoj Tripathi (hindi dialogue), Amitabh Verma (hindi dialogue)","Madhavan, Ritika Singh, Mumtaz Sorcar, Nassar",The story of a former boxer who quits boxing following a fallout with the authorities over the underlying politics but goes on to coach a fisherwoman to fulfill his dream through her.,"Hindi, Tamil, Tamil",India,7.7,"8,886",tt5310090,movie
Neerja,2016,N/A,19 Feb 2016,122,"Biography, Drama, Thriller",Ram Madhvani,"Saiwyn Quadras (story and screenplay), Sanyukta Shaikh Chawla (dialogue)","Sonam Kapoor, Shabana Azmi, Yogendra Tikku, Abrar Zahoor","Neerja is the story of the courageous Neerja Bhanot, who sacrificed her life while protecting the lives of 359 passengers on the Pan Am flight 73 in 1986. The flight was hijacked by a terrorist organization.","Hindi, English",India,7.7,"15,983",tt5286444,movie
Hum Saath-Saath Hain,1999,N/A,05 Nov 1999,177,"Musical, Drama, Family",Sooraj R. Barjatya,"Sooraj R. Barjatya (dialogue), Sooraj R. Barjatya (screenplay), Sooraj R. Barjatya (story)","Salman Khan, Karisma Kapoor, Saif Ali Khan, Tabu","Ramkishen and Mamta have three sons Vivek , Prem and Vinod and a daughter Sangeeta. This family is part of a joint family whose close knit bond is challenged by a misunderstanding.",Hindi,India,6.2,"4,989",tt0216817,movie
Kabhi Khushi Kabhie Gham,2001,NOT RATED,14 Dec 2001,210,"Drama, Musical, Romance",Karan Johar,"Karan Johar, Sheena Parikh (screenplay)","Amitabh Bachchan, Jaya Bhaduri, Shah Rukh Khan, Kajol","Yashvardhan Raichand lives a very wealthy lifestyle along with his wife, Nandini, and two sons, Rahul and Rohan. While Rahul has been adopted, Yashvardhan and Nandini treat him as their own...","Hindi, English, Urdu",India,7.5,"35,925",tt0248126,movie
Hum Aapke Hain Koun,1994,NOT RATED,05 Aug 1994,206,"Comedy, Drama, Musical",Sooraj R. Barjatya,"Sooraj R. Barjatya (dialogue), Sooraj R. Barjatya (screenplay)","Madhuri Dixit, Salman Khan, Mohnish Bahl, Renuka Shahane","Prem, a top student, is learning the ropes of business under his elder brother Rajesh and his uncle Kailashnath, a big industrialist. In another town, Nisha is studying computer science and...","Hindi, Urdu",India,7.6,"15,193",tt0110076,movie
David Blaine: Real or Magic?,2013,TV-14,19 Nov 2013,90,Reality-TV,Matthew Akers,"Matthew Akers, David Blaine","David Blaine, Hadji Ali, Woody Allen, Will Arnett","Magician David Blaine ventures across America from New York to Los Angeles, performing to various celebrities and the general public.",English,USA,7.7,"1,205",tt3345310,movie
Justin Timberlake + the Tennessee Kids,2016,N/A,12 Oct 2016,90,"Documentary, Music",Jonathan Demme,N/A,Justin Timberlake,"The final performance of Justin Timberlake and the Tennessee Kids' 20/20 Experience World Tour, filmed in 2015 at the MGM Grand Garden Arena in Las Vegas.",English,USA,8.0,"1,453",tt5001772,movie
Gangs of Wasseypur,2012,N/A,02 Aug 2012,321,"Action, Crime, Drama",Anurag Kashyap,"Akhilesh Jaiswal, Anurag Kashyap, Sachin K. Ladia, Zeishan Quadri","Manoj Bajpayee, Richa Chadha, Nawazuddin Siddiqui, Tigmanshu Dhulia","A clash between Sultan and Shahid Khan leads to the expulsion of Khan from Wasseypur, and ignites a deadly blood feud spanning three generations.",Hindi,India,8.3,"58,706",tt1954470,movie
Youngistaan,2014,NOT RATED,28 Mar 2014,133,Drama,Syed Ahmad Afzal,"Ramiz Ilham Khan (story,  screenplay & dialogue), Syed Ahmad Afzal (story,  screenplay & dialogue), Maitrey Bajpai (story,  screenplay & dialogue)","Jackky Bhagnani, Neha Sharma, Farooq Shaikh, Boman Irani","Abhimanyu Kaul - a young, independent, Games Developer, living in Japan and the love of his life, Anwita Chauhan - a bubbly, passionate and full of life, summer intern. Their happy and ...",Hindi,India,5.2,"1,578",tt3514330,movie
Black Friday,2004,NOT RATED,09 Feb 2007,143,"Action, Crime, Drama",Anurag Kashyap,"Anurag Kashyap (screenplay), Hussain Zaidi (book), Piyush Mishra (lyrics)","Kay Kay Menon, Pavan Malhotra, Aditya Srivastava, Dibyendu Bhattacharya","Black Friday is a film about the investigations following the 1993 serial Bombay bomb blasts, told through the different stories of the people involved --police, conspirators, victims, middlemen.",Hindi,India,8.6,"14,013",tt0400234,movie
Meet the Patels,2014,PG,11 Sep 2015,88,"Documentary, Comedy, Romance","Geeta Patel, Ravi Patel","Matthew Hamachek, Billy McMillin, Geeta Patel, Ravi Patel","Ravi Patel, Geeta Patel, Champa V. Patel, Vasant K. Patel",An Indian-American man who is about to turn 30 gets help from his parents and extended family to start looking for a wife in the traditional Indian way.,"English, Gujarati",USA,7.2,"2,643",tt2378401,movie
Talvar (Guilty),2015,NOT RATED,02 Oct 2015,132,"Crime, Drama, Mystery",Meghna Gulzar,"Vishal Bhardwaj, Aditya Nimbalkar (associate writer)","Irrfan Khan, Konkona Sen Sharma, Neeraj Kabi, Sohum Shah",An experienced investigator confronts several conflicting theories about the perpetrators of a violent double homicide.,Hindi,India,8.3,"21,098",tt4934950,movie
Once Upon a Time in Mumbaai,NA,NA,NA,NA,NA,NA,NA,NA,NA,NA,NA,NA,NA,NA,NA
Gladiator,2000,R,05 May 2000,155,"Action, Adventure, Drama",Ridley Scott,"David Franzoni (story), David Franzoni (screenplay), John Logan (screenplay), William Nicholson (screenplay)","Russell Crowe, Joaquin Phoenix, Connie Nielsen, Oliver Reed","When a Roman General is betrayed, and his family murdered by an emperor's corrupt son, he comes to Rome as a gladiator to seek revenge.",English,"USA, UK",8.5,"1,115,842",tt0172495,movie
The Fast and the Furious,2001,PG-13,22 Jun 2001,106,"Action, Crime, Thriller","Rob Cohen, Mel City(co-director)","Ken Li (magazine article ""Racer X""), Gary Scott Thompson (screen story), Gary Scott Thompson (screenplay), Erik Bergquist (screenplay), David Ayer (screenplay)","Paul Walker, Vin Diesel, Michelle Rodriguez, Jordana Brewster",Los Angeles police officer Brian O'Connor must decide where his loyalty really lies when he becomes enamored with the street racing world he has been sent undercover to destroy.,English,"USA, Germany",6.7,"303,703",tt0232500,movie
The Imitation Game,2014,PG-13,25 Dec 2014,114,"Biography, Drama, History",Morten Tyldum,"Graham Moore, Andrew Hodges (book)","Benedict Cumberbatch, Keira Knightley, Matthew Goode, Rory Kinnear","During World War II, the English mathematical genius Alan Turing tries to crack the German Enigma code with help from fellow mathematicians.","English, German",USA,8.0,"568,354",tt2084970,movie
Pokémon: Indigo League,NA,NA,NA,NA,NA,NA,NA,NA,NA,NA,NA,NA,NA,NA,NA
The Wonder Years,1988â€“1993,TV-PG,31 Jan 1988,22,"Comedy, Drama, Family",N/A,"Carol Black, Neal Marlens","Fred Savage, Daniel Stern, Dan Lauria, Alley Mills",Kevin Arnold recalls growing up during the late 60s and early 70s; the turbulent social times make the transition from child to adult unusually interesting.,English,USA,8.3,"30,506",tt0094582,series
All Hail King Julien,2014â€“2017,TV-Y7,19 Dec 2014,23,"Animation, Comedy, Family",N/A,N/A,"Danny Jacobs, Andy Richter, Kevin Michael Richardson, India de Beaufort",Animated misadventures of a hard-partying lemur and his wild friends in Madagascar.,English,USA,7.4,849,tt3807022,series
How I Met Your Mother,2005â€“2014,TV-14,19 Sep 2005,22,"Comedy, Romance",N/A,"Carter Bays, Craig Thomas","Josh Radnor, Jason Segel, Cobie Smulders, Neil Patrick Harris","A father recounts to his children, through a series of flashbacks, the journey he and his four best friends took leading up to him meeting their mother.","English, Persian, Chinese",USA,8.4,"505,964",tt0460649,series
V for Vendetta,2005,R,17 Mar 2006,132,"Action, Drama, Sci-Fi",James McTeigue,"Lilly Wachowski (screenplay), Lana Wachowski (screenplay), David Lloyd (graphic novel art)","Natalie Portman, Hugo Weaving, Stephen Rea, Stephen Fry","In a future British tyranny, a shadowy freedom fighter, known only by the alias of ""V"", plots to overthrow it with the help of a young woman.",English,"USA, UK, Germany",8.2,"899,595",tt0434409,movie
An Apology to John Stamos,NA,NA,NA,NA,NA,NA,NA,NA,NA,NA,NA,NA,NA,NA,NA
Kal Ho Naa Ho,2003,NOT RATED,28 Nov 2003,186,"Comedy, Drama, Romance",Nikkhil Advani,"Niranjan Iyengar (dialogue), Karan Johar (screenplay), Karan Johar (story)","Shah Rukh Khan, Preity Zinta, Saif Ali Khan, Jaya Bhaduri","Naina, an introverted, perpetually depressed girl's life changes when she meets Aman. But Aman has a secret of his own which changes their lives forever. Embroiled in all this is Rohit, Naina's best friend who conceals his love for her.","Hindi, Urdu, Gujarati, Panjabi",India,8.0,"52,878",tt0347304,movie
The Returned,2012â€“,TV-MA,31 Oct 2013,52,"Drama, Fantasy, Horror",N/A,Fabrice Gobert,"Anne Consigny, Clotilde Hesme, FrÃ©dÃ©ric Pierrot, CÃ©line Sallette",The Returned opens in a small mountain community which is rocked to its core when several local people who are presumed dead suddenly re-appear at their homes. Despite having passed away ...,French,France,8.2,"17,634",tt2521668,series
NOVA: Why Planes Vanish,NA,NA,NA,NA,NA,NA,NA,NA,NA,NA,NA,NA,NA,NA,NA
DEATH NOTE,2006â€“2007,TV-14,03 Oct 2006,24,"Animation, Crime, Drama",N/A,N/A,"Mamoru Miyano, Brad Swaile, Vincent Tong, RyÃ´ NaitÃ´",An intelligent high school student goes on a secret crusade to eliminate criminals from the world after discovering a notebook capable of killing anyone whose name is written into it.,Japanese,Japan,9.0,"153,241",tt0877057,series
Pokémon: XY,NA,NA,NA,NA,NA,NA,NA,NA,NA,NA,NA,NA,NA,NA,NA
Andaz Apna Apna,1994,PG,04 Nov 1994,160,"Comedy, Family, Romance",Rajkumar Santoshi,"Rajkumar Santoshi (dialogue), Rajkumar Santoshi (screenplay), Rajkumar Santoshi (story), Dilip Shukla (dialogue)","Aamir Khan, Salman Khan, Raveena Tandon, Karisma Kapoor","Two slackers competing for the affections of an heiress, inadvertently become her protectors from an evil criminal.",Hindi,India,8.2,"41,296",tt0109117,movie
Fuller House,2016â€“,TV-G,26 Feb 2016,30,"Comedy, Family",N/A,Jeff Franklin,"Candace Cameron Bure, Jodie Sweetin, Andrea Barber, Michael Campion","In a continuation of Full House (1987), D.J. Fuller is a mother of three young boys and is a recent widow. D.J.'s sister Stephanie, her best friend Kimmy and Kimmy's teenage daughter all move in to help raise her sons. The house is now a lot fuller.",English,USA,7.0,"18,847",tt3986586,series
Detective Byomkesh Bakshy!,2015,NOT RATED,03 Apr 2015,139,"Action, Mystery, Thriller",Dibakar Banerjee,"Urmi Juvekar, Dibakar Banerjee, Saradindu Bandopadhyay (based on the stories and characters created by)","Sushant Singh Rajput, Anand Tiwari, Neeraj Kabi, Divya Menon",Detective Byomkesh Bakshy is set in the 2nd World War torn Calcutta during the 1940s. Enter a magical world of nostalgia and 'Expect the Unexpected'.,Hindi,India,7.6,"12,909",tt3447364,movie
Jobs,2013,PG-13,16 Aug 2013,128,"Biography, Drama",Joshua Michael Stern,Matt Whiteley,"Ashton Kutcher, Dermot Mulroney, Josh Gad, Lukas Haas",The story of Steve Jobs' ascension from college dropout into one of the most revered creative entrepreneurs of the 20th century.,English,"USA, Switzerland",5.9,"85,122",tt2357129,movie
Pirates of the Caribbean: The Curse of the Black Pearl,2003,PG-13,09 Jul 2003,143,"Action, Adventure, Fantasy",Gore Verbinski,"Ted Elliott (screen story), Terry Rossio (screen story), Stuart Beattie (screen story), Jay Wolpert (screen story), Ted Elliott (screenplay), Terry Rossio (screenplay)","Johnny Depp, Geoffrey Rush, Orlando Bloom, Keira Knightley","Blacksmith Will Turner teams up with eccentric pirate ""Captain"" Jack Sparrow to save his love, the governor's daughter, from Jack's former pirate allies, who are now undead.",English,USA,8.0,"908,084",tt0325980,movie
The Awakening,2011,R,11 Nov 2011,102,"Horror, Thriller",Nick Murphy,"Stephen Volk (screenplay), Nick Murphy (screenplay)","Rebecca Hall, Dominic West, Imelda Staunton, Isaac Hempstead Wright","In 1921, England is overwhelmed by the loss and grief of World War I. Hoax exposer Florence Cathcart visits a boarding school to explain sightings of a child ghost. Everything she believes unravels as the 'missing' begin to show themselves.","English, French",UK,6.5,"56,732",tt1687901,movie
Good Will Hunting,1997,R,09 Jan 1998,126,Drama,Gus Van Sant,"Matt Damon, Ben Affleck","Matt Damon, Ben Affleck, Stellan SkarsgÃ¥rd, John Mighton","Will Hunting, a janitor at M.I.T., has a gift for mathematics, but needs help from a psychologist to find direction in his life.",English,USA,8.3,"703,100",tt0119217,movie
Dil To Pagal Hai,1997,NOT RATED,30 Oct 1997,179,"Comedy, Drama, Musical",Yash Chopra,"Tanuja Chandra (screenplay), Aditya Chopra (dialogue), Pamela Chopra (screenplay), Yash Chopra (screenplay)","Shah Rukh Khan, Madhuri Dixit, Karisma Kapoor, Akshay Kumar","A grand musical about three passionate and dreamy characters: Rahul, Pooja and Nisha. Will their dreams come true? Will they find their true love?",Hindi,India,7.1,"17,547",tt0118983,movie
Rang De Basanti,2006,NOT RATED,26 Jan 2006,157,"Comedy, Drama",Rakeysh Omprakash Mehra,"Renzil D'Silva (screenplay), Prasoon Joshi (dialogue), Rakeysh Omprakash Mehra (screenplay), Kamlesh Pandey (story)","Aamir Khan, Siddharth, Sharman Joshi, Kunal Kapoor","The story of six young Indians who assist an English Woman to film a documentary on the extremist freedom fighters from their past, and the events that lead them to relive the long forgotten saga of freedom.","Hindi, Panjabi, English",India,8.3,"87,636",tt0405508,movie
DreamWorks How to Train Your Dragon Legends,2010,UNRATED,01 Mar 2010,57,"Animation, Adventure, Comedy",Tom Owens,N/A,"Jay Baruchel, Gerard Butler","Prepare for high-flying adventures with Hiccup, Toothless and the rest of the Dragon Trainers. Meet new dragons, learn the secrets of the legendary Boneknapper and see what is in store for the holidays on the festive island of Berk.",English,USA,7.7,639,tt2542490,movie
The Passion of the Christ,2004,R,25 Feb 2004,127,Drama,Mel Gibson,"Benedict Fitzgerald (screenplay), Mel Gibson (screenplay)","Jim Caviezel, Maia Morgenstern, Christo Jivkov, Francesco De Vito","Depicts the final twelve hours in the life of Jesus of Nazareth, on the day of his crucifixion in Jerusalem.","Aramaic, Latin, Hebrew",USA,7.2,"192,148",tt0335345,movie
Dexter,2006â€“2013,TV-MA,01 Oct 2006,53,"Crime, Drama, Mystery",N/A,James Manos Jr.,"Michael C. Hall, Jennifer Carpenter, David Zayas, James Remar","By day, mild-mannered Dexter is a blood-spatter analyst for the Miami police. But at night, he is a serial killer who only targets other murderers.","English, Spanish",USA,8.7,"558,994",tt0773262,series
Gotham,2014â€“,TV-14,22 Sep 2014,42,"Action, Crime, Drama",N/A,Bruno Heller,"David Mazouz, Sean Pertwee, Ben McKenzie, Donal Logue",The story behind Detective James Gordon's rise to prominence in Gotham City in the years before Batman's arrival.,English,USA,7.9,"171,117",tt3749900,series
Hitch,2005,PG-13,11 Feb 2005,118,"Comedy, Romance",Andy Tennant,Kevin Bisch,"Will Smith, Eva Mendes, Kevin James, Amber Valletta","While helping his latest client woo the fine lady of his dreams, a professional ""date doctor"" finds that his game doesn't quite work on the gossip columnist with whom he's smitten.",English,USA,6.6,"264,484",tt0386588,movie
Bates Motel,2013â€“2017,TV-MA,18 Mar 2013,45,"Drama, Horror, Mystery",N/A,"Anthony Cipriano, Carlton Cuse, Kerry Ehrin","Vera Farmiga, Freddie Highmore, Max Thieriot, Olivia Cooke","A contemporary prequel to Psycho, giving a portrayal of how Norman Bates' psyche unravels through his teenage years, and how deeply intricate his relationship with his mother, Norma, truly is.",English,USA,8.2,"77,759",tt2188671,series
