WatchingDate,Titles,season,Episodes
2018-04-29,Sherlock,Series 4, The Six Thatchers
2018-04-26,Friends,Season 9, The One with the Memorial Service
2018-04-26,Friends,Season 9, The One with the Boob Job
2018-04-26,Friends,Season 9, The One with the Mugging
2018-04-26,Friends,Season 9, The One Where Rachel Goes Back to Work
2018-04-26,Friends,Season 9, The One with Christmas in Tulsa
2018-04-26,Friends,Season 9, The One with Rachel's Phone Number
2018-04-26,Friends,Season 9, The One with Rachel's Other Sister
2018-04-26,Friends,Season 9, The One with Ross' Inappropriate Song
2018-04-26,Friends,Season 10, The One with the Birth Mother
2018-04-25,Friends,Season 10, The One with Ross's Grant
2018-04-25,Friends,Season 10, The One Where Rachel's Sister Babysits
2018-04-25,Friends,Season 10, The One with the Late Thanksgiving
2018-04-25,Friends,Season 10, The One with the Cake
2018-04-25,Friends,Season 9, The One with the Male Nanny
2018-04-24,Friends,Season 9, The One with Phoebe's Birthday Dinner
2018-04-24,Friends,Season 9, The One with the Sharks
2018-04-23,Jab We Met,NA,NA
2018-04-23,Friends,Season 9, The One with the Pediatrician
2018-04-23,Friends,Season 9, The One Where Emma Cries
2018-04-23,Friends,Season 9, The One Where No One Proposes
2018-04-23,Captain America: Civil War,NA,NA
2018-04-22,Power Rangers S.P.D.,Season 1, Stakeout
2018-04-22,Power Rangers S.P.D.,Season 1, Sam
2018-04-22,Sherlock,Series 2, A Scandal in Belgravia
2018-04-22,Sherlock,Series 1, The Great Game
2018-04-21,Power Rangers S.P.D.,Season 1, A-Bridged
2018-04-21,The Honeymoon Stand Up Special: Collection: Natasha,NA,NA
2018-04-20,Black Mirror,Season 4, Crocodile
2018-04-20,Black Mirror,Season 4, Arkangel
2018-04-20,Black Mirror,Season 4, USS Callister
2018-04-20,Dude,NA,NA
2018-04-19,Pokémon the Series,Season 1, Alola to New Adventure!
2018-04-19,Power Rangers S.P.D.,Season 1, Dogged
2018-04-19,Power Rangers S.P.D.,Season 1, Walls
2018-04-19,Sherlock,Series 1, The Blind Banker
2018-04-19,Friends,Season 8, The One Where Rachel Has a Baby
2018-04-19,Friends,Season 8, The One Where Rachel Has a Baby
2018-04-18,Power Rangers S.P.D.,Season 1, Confronted
2018-04-18,Power Rangers S.P.D.,Season 1, Beginnings
2018-04-18,Sherlock,Series 1, A Study in Pink
2018-04-18,The Boss Baby: Back in Business,Season 1, Formula for Menace
2018-04-18,The Boss Baby: Back in Business,Season 1, Family Fun Night
2018-04-18,The Boss Baby: Back in Business,Season 1, Cat's in the Cradle
2018-04-18,Friends,Season 8, The One Where Rachel Is Late
2018-04-18,Friends,Season 8, The One with the Cooking Class
2018-04-17,Swades,NA,NA
2018-04-17,Friends,Season 8, The One with the Baby Shower
2018-04-17,Friends,Season 8, The One with Joey's Interview
2018-04-17,Rush Hour 3,NA,NA
2018-04-17,Redemption,NA,NA
2018-04-16,Friends,Season 8, The One in Massapequa
2018-04-16,Friends,Season 8, The One with the Tea Leaves
2018-04-16,Friends,Season 8, The One Where Joey Tells Rachel
2018-04-16,Friends,Season 8, The One with the Birthing Video
2018-04-16,Friends,Season 8, The One with the Secret Closet
2018-04-16,Friends,Season 8, The One Where Chandler Takes a Bath
2018-04-16,Friends,Season 8, The One Where Joey Dates Rachel
2018-04-16,Phir Bhi Dil Hai Hindustani,NA,NA
2018-04-16,The Last Heist,NA,NA
2018-04-16,It's Kind of a Funny Story,NA,NA
2018-04-16,Friends,Season 8, The One with the Creepy Holiday Card
2018-04-16,Friends,Season 8, The One with the Stain
2018-04-16,Friends,Season 2, The One with the Lesbian Wedding
2018-04-16,Friends,Season 2, The One with Russ
2018-04-14,Friends,Season 9, The One with the Blind Dates
2018-04-14,Friends,Season 9, The One Where Monica Sings
2018-04-13,Friends,Season 9, The One with Phoebe's Rats
2018-04-13,Troy: Fall of a City,Season 1, Offering
2018-04-13,Humsafar,Season 1, Episode 5
2018-04-12,The Boss Baby: Back in Business,Season 1, Scooter Buskie
2018-04-12,Troy: Fall of a City,Season 1, Twelve Days
2018-04-12,Troy: Fall of a City,Season 1, Battle on the Beach
2018-04-11,Troy: Fall of a City,Season 1, Hunted
2018-04-11,Troy: Fall of a City,Season 1, Spoils of War
2018-04-10,Troy: Fall of a City,Season 1, Siege
2018-04-10,Troy: Fall of a City,Season 1, Conditions
2018-04-09,Friends,Season 8, The One with Monica's Boots
2018-04-09,Friends,Season 8, The One with the Rumor
2018-04-09,Friends,Season 8, The One with the Stripper
2018-04-09,Friends,Season 2, The One Where Joey Moves Out
2018-04-09,Troy: Fall of a City,Season 1, Black Blood
2018-04-09,Friends,Season 2, The One Where Ross and Rachel...You Know
2018-04-09,Friends,Season 2, The One with the Prom Video
2018-04-09,Friends,Season 2, The One After the Super Bowl
2018-04-08,Om Shanti Om,NA,NA
2018-04-08,Friends,Season 2, The One After the Super Bowl
2018-04-08,Friends,Season 2, The One Where Ross Finds Out
2018-04-08,Friends,Season 2, The One with the Baby on the Bus
2018-04-07,Friends,Season 2, The One with Five Steaks and an Eggplant
2018-04-07,Friends,Season 2, The One with Phoebe's Husband
2018-04-07,Baahubali 2: The Conclusion (Hindi Version),NA,NA
2018-04-06,Friends,Season 2, The One Where Heckles Dies
2018-04-06,Friends,Season 2, The One with the Breast Milk
2018-04-06,Friends,Season 2, The One with Ross's New Girlfriend
2018-04-06,Friends,Season 1, The One Where Rachel Finds Out
2018-04-05,Friends,Season 1, The One with the Birth
2018-04-05,Friends,Season 1, The One with the Ick Factor
2018-04-04,Friends,Season 1, The One with the Fake Monica
2018-04-04,Friends,Season 1, The One with the Evil Orthodontist
2018-04-04,Friends,Season 1, The One Where the Monkey Gets Away
2018-04-03,Friends,Season 1, The One with All the Poker
2018-04-03,Friends,Season 1, The One with the Two Parts
2018-04-03,Friends,Season 1, The One with the Two Parts
2018-04-03,Friends,Season 1, The One with the Stoned Guy
2018-04-03,Friends,Season 1, The One with the Candy Hearts
2018-04-02,Friends,Season 1, The One with the Boobies
2018-04-02,Friends,Season 1, The One with the Dozen Lasagnas
2018-04-02,Friends,Season 1, The One with Mrs. Bing
2018-04-02,Friends,Season 1, The One with the Monkey
2018-04-02,Friends,Season 1, The One Where Underdog Gets Away
2018-04-02,Friends,Season 1, The One Where Nana Dies Twice
2018-04-02,Friends,Season 1, The One with the Blackout
2018-04-01,Aarakshan,NA,NA
2018-04-01,Friends,Season 1, The One with the Butt
2018-04-01,Friends,Season 1, The One with the East German Laundry Detergent
2018-04-01,Friends,Season 1, The One with George Stephanopoulos
2018-04-01,Friends,Season 1, The One with the Thumb
2018-04-01,Friends,Season 1, The One with the Sonogram at the End
2018-03-31,Friends,Season 1, The One Where Monica Gets a Roommate (Pilot)
2018-03-31,Taare Zameen Par,NA,NA
2018-03-31,Trump: An American Dream,Season 1, Manhattan
2018-03-30,Russell Peters vs. the World,Season 1, NYC
2018-03-30,Russell Peters vs. the World,Season 1, On Tour
2018-03-30,Russell Peters vs. the World,Season 1, Europe & Australia
2018-03-28,Trimurti,NA,NA
2018-03-28,Russell Peters: Almost Famous,NA,NA
2018-03-28,Beauty and the Beast (2017),NA,NA
2018-03-27,Secret Superstar,NA,NA
2018-03-26,The Lord of the Rings: The Fellowship of the Ring,NA,NA
2018-03-26,Friends,Season 8, The One with the Halloween Party
2018-03-26,Friends,Season 8, The One with Rachel's Date
2018-03-26,Friends,Season 8, The One with the Videotape
2018-03-26,Friends,Season 8, The One Where Rachel Tells ...
2018-03-25,Friends,Season 8, The One with the Red Sweater
2018-03-25,Friends,Season 8, The One After I Do
2018-03-25,300,NA,NA
2018-03-23,Friends,Season 7, The One with Chandler and Monica's Wedding
2018-03-23,Friends,Season 7, The One with Chandler and Monica's Wedding
2018-03-22,Friends,Season 7, The One with Chandler's Dad
2018-03-21,The Last Secrets of 9/11,NA,NA
2018-03-21,Friends,Season 7, The One Where They All Turn Thirty
2018-03-21,Friends,Season 7, The One Where Rosita Dies
2018-03-21,Friends,Season 7, The One with the Vows
2018-03-21,Friends,Season 7, The One with Rachel's Big Kiss
2018-03-21,Dirty Money,Season 1, The Confidence Man
2018-03-20,Friends,Season 7, The One with Ross and Monica's Cousin
2018-03-20,Friends,Season 7, The One with Joey's Award
2018-03-20,Friends,Season 7, The One with the Cheap Wedding Dress
2018-03-20,The Jungle Book (2016),NA,NA
2018-03-20,Dirty Money,Season 1, The Maple Syrup Heist
2018-03-20,Dirty Money,Season 1, Cartel Bank
2018-03-19,The World's Most Extraordinary Homes,Season 1, Mountain
2018-03-19,Aitraaz,NA,NA
2018-03-19,Friends,Season 7, The One with the Truth About London
2018-03-19,Friends,Season 7, The One with Joey's New Brain
2018-03-19,Friends,Season 7, The One Where They're Up All Night
2018-03-18,Friends,Season 7, The One with All the Cheesecakes
2018-03-18,Friends,Season 7, The One with the Holiday Armadillo
2018-03-18,Friends,Season 7, The One with All the Candy
2018-03-18,Friends,Season 7, The One Where Chandler Doesn't Like Dogs
2018-03-18,Friends,Season 7, The One with Ross' Library Book
2018-03-18,Friends,Season 7, The One with the Nap Partners
2018-03-18,Friends,Season 7, The One with the Engagement Picture
2018-03-17,Guru,NA,NA
2018-03-16,Veronica,NA,NA
2018-03-14,Ladies First,NA,NA
2018-03-14,Mr. Bean's Holiday,NA,NA
2018-03-13,Iqbal,NA,NA
2018-03-11,Kung Fu Panda: Holiday,NA,NA
2018-03-11,DreamWorks Kung Fu Panda Awesome Secrets,Volume 1, Secrets of the Furious Five
2018-03-10,DreamWorks Kung Fu Panda Awesome Secrets,Volume 1, Play All Two
2018-03-08,Kung Fu Panda,NA,NA
2018-03-07,Judwaa 2,NA,NA
2018-03-06,Dirty Money,Season 1, Drug Short
2018-03-06,Dirty Money,Season 1, Payday
2018-03-05,Dirty Money,Season 1, Hard NOx
2018-03-05,Friends,Season 7, The One with Rachel's Assistant
2018-03-05,Friends,Season 7, The One with Phoebe's Cookies
2018-03-05,Friends,Season 7, The One with Rachel's Book
2018-03-04,Friends,Season 7, The One with Monica's Thunder
2018-03-04,Friends,Season 6, The One with the Proposal
2018-03-04,Friends,Season 6, The One with the Proposal
2018-03-04,Friends,Season 6, The One with the Ring
2018-03-03,Patiala House,NA,NA
2018-03-02,Power Rangers S.P.D.,Season 1, Reflection
2018-03-02,Power Rangers S.P.D.,Season 1, Reflection
2018-03-02,Power Rangers S.P.D.,Season 1, S.W.A.T.
2018-03-02,Power Rangers S.P.D.,Season 1, S.W.A.T.
2018-03-02,Pyaar Ka Punchnama,NA,NA
2018-03-02,Top 10 Secrets and Mysteries,Season 1, Extra Terrestrial
2018-03-02,A Russell Peters Christmas,NA,NA
2018-03-02,Russell Peters vs. the World,Season 1, Stand-Up
2018-03-02,Ride Along 2,NA,NA
2018-03-01,Power Rangers S.P.D.,Season 1, Robotpalooza
2018-03-01,Humsafar,Season 1, Episode 7
2018-03-01,Friends,Season 6, The One Where Paul's the Man
2018-02-28,Friends,Season 6, The One Where Ross Meets Elizabeth's Dad
2018-02-28,Friends,Season 6, The One with Mac and C.H.E.E.S.E
2018-02-28,Friends,Season 6, The One with Joey's Fridge
2018-02-28,Dangal,NA,NA
2018-02-28,Humsafar,Season 1, Episode 23
2018-02-28,Friends,Season 6, The One Where Ross Dates a Student
2018-02-27,Friends,Season 6, The One with Unagi
2018-02-27,Power Rangers S.P.D.,Season 1, Impact
2018-02-27,Power Rangers S.P.D.,Season 1, Wired
2018-02-27,Friends,Season 6, The One That Could Have Been
2018-02-26,Friends,Season 6, The One That Could Have Been
2018-02-24,Zootopia,NA,NA
2018-02-24,Peepli Live,NA,NA
2018-02-23,Happy New Year,NA,NA
2018-02-22,Sing,NA,NA
2018-02-22,Friends,Season 6, The One Where Chandler Can't Cry
2018-02-22,Russell Peters: Notorious,NA,NA
2018-02-22,Friends,Season 6, The One with Rachel's Sister
2018-02-22,Friends,Season 6, The One with the Joke
2018-02-21,Friends,Season 6, The One with the Apothecary Table
2018-02-21,Now You See Me 2,NA,NA
2018-02-21,Friends,Season 6, The One with the Routine
2018-02-21,Friends,Season 6, The One Where Ross Got High
2018-02-20,Friends,Season 6, The One with Ross's Teeth
2018-02-20,Friends,Season 6, The One Where Phoebe Runs
2018-02-19,Friends,Season 10, The One with Princess Consuela
2018-02-19,Friends,Season 10, The One Where Joey Speaks French
2018-02-19,Friends,Season 10, The One with Phoebe's Wedding
2018-02-19,Friends,Season 10, The One Where the Stripper Cries
2018-02-19,Friends,Season 10, The One Where Chandler Gets Caught
2018-02-18,Piku,NA,NA
2018-02-17,Kung Fu Panda 3,NA,NA
2018-02-17,Troy,NA,NA
2018-02-16,Friends,Season 10, The Last One
2018-02-16,Friends,Season 10, The One with The Home Study
2018-02-16,Friends,Season 10, The One with Rachel's Going Away Party
2018-02-16,Friends,Season 6, The One on the Last Night
2018-02-16,Friends,Season 6, The One with Joey's Porsche
2018-02-16,Friends,Season 6, The One Where Joey Loses His Insurance
2018-02-15,Friends,Season 6, The One with Ross's Denial
2018-02-15,Friends,Season 6, The One Where Ross Hugs Rachel
2018-02-14,Friends,Season 6, The One After Vegas
2018-02-14,Friends,Season 5, The One in Vegas
2018-02-14,Friends,Season 5, The One in Vegas
2018-02-14,Friends,Season 5, The One with Joey's Big Break
2018-02-14,Friends,Season 5, The One with the Ball
2018-02-14,Friends,Season 5, The One with the Ride-Along
2018-02-13,Friends,Season 5, The One Where Ross Can't Flirt
2018-02-13,Friends,Season 5, The One Where Rachel Smokes
2018-02-13,Friends,Season 5, The One with Rachel's Inadvertent Kiss
2018-02-13,Friends,Season 5, The One with the Cop
2018-02-12,Friends,Season 5, The One with the Girl Who Hits Joey
2018-02-12,Friends,Season 5, The One Where Everybody Finds Out
2018-02-12,Friends,Season 5, The One with Joey's Bag
2018-02-12,Friends,Season 5, The One with Chandler's Work Laugh
2018-02-09,Queen,NA,NA
2018-02-09,Friends,Season 5, The One with All the Resolutions
2018-02-09,Friends,Season 5, The One with the Inappropriate Sister
2018-02-09,Friends,Season 5, The One with Ross's Sandwich
2018-02-09,Pink,NA,NA
2018-02-09,Friends,Season 5, The One with All the Thanksgivings
2018-02-08,Friends,Season 5, The One Where Ross Moves In
2018-02-08,Friends,Season 5, The One with the Yeti
2018-02-06,Friends,Season 5, The One with the Kips
2018-02-06,Friends,Season 5, The One Where Phoebe Hates PBS
2018-02-06,Friends,Season 5, The One Hundredth
2018-02-06,Friends,Season 5, The One with All the Kissing
2018-02-05,Friends,Season 5, The One After Ross Says Rachel
2018-02-05,The Crown,Season 2, Mystery Man
2018-02-05,The Crown,Season 2, Paterfamilias
2018-02-05,The Crown,Season 2, Dear Mrs. Kennedy
2018-02-03,The Notebook,NA,NA
2018-02-02,Airlift,NA,NA
2018-02-02,Moana,NA,NA
2018-02-02,The Crown,Season 2, Matrimonium
2018-02-02,Friends,Season 4, The One with Ross's Wedding
2018-02-01,Kung Fu Panda: Secrets of the Scroll,NA,NA
2018-02-01,Friends,Season 4, The One with Ross's Wedding
2018-02-01,Friends,Season 4, The One with the Worst Best Man Ever
2018-02-01,The Crown,Season 2, Vergangenheit
2018-01-31,The Crown,Season 2, Marionettes
2018-01-31,Dear Zindagi,NA,NA
2018-01-29,Friends,Season 4, The One with the Invitation
2018-01-29,Friends,Season 4, The One with the Wedding Dresses
2018-01-29,The Crown,Season 2, Beryl
2018-01-29,Friends,Season 4, The One with All the Haste
2018-01-29,Friends,Season 4, The One with Rachel's New Dress
2018-01-29,Friends,Season 4, The One with the Free Porn
2018-01-25,Friends,Season 4, The One with the Fake Party
2018-01-25,Ocean's Eleven,NA,NA
2018-01-25,Raees,NA,NA
2018-01-24,Friends,Season 4, The One with All the Rugby
2018-01-24,Friends,Season 4, The One with Joey's Dirty Day
2018-01-24,Friends,Season 4, The One with Rachel's Crush
2018-01-24,Special 26,NA,NA
2018-01-23,Friends,Season 4, The One with the Embryos
2018-01-23,Friends,Season 4, The One with Phoebe's Uterus
2018-01-23,Friends,Season 4, The One with the Girl from Poughkeepsie
2018-01-22,Friends,Season 4, The One Where They're Going to Party
2018-01-22,Friends,Season 4, The One with Chandler in a Box
2018-01-22,Friends,Season 4, The One Where Chandler Crosses the Line
2018-01-22,Friends,Season 4, The One with the Dirty Girl
2018-01-22,Friends,Season 4, The One with Joey's New Girlfriend
2018-01-22,Friends,Season 4, The One with the Ballroom Dancing
2018-01-22,Friends,Season 4, The One with the 'Cuffs
2018-01-21,Zila Ghaziabad,NA,NA
2018-01-19,Zindagi Gulzar Hai,Season 1, Episode 26
2018-01-19,Friends,Season 4, The One with the Cat
2018-01-19,Zindagi Gulzar Hai,Season 1, Episode 23
2018-01-19,Zindagi Gulzar Hai,Season 1, Episode 22
2018-01-19,Zindagi Gulzar Hai,Season 1, Episode 21
2018-01-19,Friends,Season 4, The One with the Jellyfish
2018-01-18,Friends,Season 3, The One at the Beach
2018-01-18,Friends,Season 3, The One with the Ultimate Fighting Champion
2018-01-18,Friends,Season 3, The One with Ross's Thing
2018-01-18,Friends,Season 3, The One with the Screamer
2018-01-18,Friends,Season 3, The One with a Chick. And a Duck
2018-01-17,Lucknow Central,NA,NA
2018-01-16,Finding Dory,NA,NA
2018-01-16,Friends,Season 3, The One with the Dollhouse
2018-01-16,Friends,Season 3, The One with the Tiny T-Shirt
2018-01-16,Friends,Season 3, The One with the Hypnosis Tape
2018-01-16,Friends,Season 3, The One Without the Ski Trip
2018-01-16,Friends,Season 3, The One The Morning After
2018-01-16,Friends,Season 3, The One Where Ross & Rachel Take a Break
2018-01-16,Friends,Season 3, The One with Phoebe's Ex-Partner
2018-01-16,Friends,Season 3, The One Where Monica & Richard Are Just Friends
2018-01-16,Friends,Season 3, The One with All the Jealousy
2018-01-16,Friends,Season 3, The One Where Chandler Can't Remember Which Sister
2018-01-16,Friends,Season 3, The One Where Rachel Quits
2018-01-16,Friends,Season 3, The One with the Football
2018-01-16,Friends,Season 3, The One with the Giant Poking Device
2018-01-16,Friends,Season 3, The One with the Race Car Bed
2018-01-13,The Boss Baby,NA,NA
2018-01-11,Friends,Season 3, The One with the Flashback
2018-01-11,Friends,Season 3, The One with Frank Jr
2018-01-10,Zindagi Gulzar Hai,Season 1, Episode 20
2018-01-10,Zindagi Gulzar Hai,Season 1, Episode 19
2018-01-10,Zindagi Gulzar Hai,Season 1, Episode 18
2018-01-10,Zindagi Gulzar Hai,Season 1, Episode 17
2018-01-10,Zindagi Gulzar Hai,Season 1, Episode 16
2018-01-10,Zindagi Gulzar Hai,Season 1, Episode 15
2018-01-09,Friends,Season 3, The One with the Metaphorical Tunnel
2018-01-09,Zindagi Gulzar Hai,Season 1, Episode 14
2018-01-09,Delhi Belly,NA,NA
2018-01-08,King Kong,NA,NA
2018-01-05,Humsafar,Season 1, Episode 22
2018-01-05,Humsafar,Season 1, Episode 6
2018-01-04,Humsafar,Season 1, Episode 4
2018-01-04,El Escape de Hitler,NA,NA
2018-01-04,World War II in Colour,Season 1, Victory in the Pacific
2018-01-04,World War II in Colour,Season 1, Victory in Europe
2018-01-04,World War II in Colour,Season 1, The Island War
2018-01-04,World War II in Colour,Season 1, Closing the Ring
2018-01-04,World War II in Colour,Season 1, Overlord
2018-01-04,World War II in Colour,Season 1, The Soviet Steamroller
2018-01-04,World War II in Colour,Season 1, Turning the Tide
2018-01-04,World War II in Colour,Season 1, The Mediterranean and North Africa
2018-01-03,World War II in Colour,Season 1, Red Sun Rampant
2018-01-02,World War II in Colour,Season 1, Hitler Strikes East
2018-01-02,Friends,Season 3, The One with the Jam
2018-01-02,Friends,Season 3, The One Where No One's Ready
2018-01-02,Friends,Season 3, The One with the Princess Leia Fantasy
2018-01-02,World War II in Colour,Season 1, Britain at Bay
2018-01-02,World War II in Colour,Season 1, Lightning War
2018-01-02,World War II in Colour,Season 1, The Gathering Storm
2017-12-29,The Crown,Season 2, Lisbon
2017-12-26,Jaane Tu... Ya Jaane Na,NA,NA
2017-12-26,Jhansi Ki Rani,Season 1, Episode 70
2017-12-26,Jhansi Ki Rani,Season 1, Episode 14
2017-12-25,Jhansi Ki Rani,Season 1, Episode 13
2017-12-25,Jhansi Ki Rani,Season 1, Episode 12
2017-12-25,Jhansi Ki Rani,Season 1, Episode 11
2017-12-25,Jhansi Ki Rani,Season 1, Episode 10
2017-12-25,Oh My God,NA,NA
2017-12-21,Lagaan,NA,NA
2017-12-18,The Crown,Season 2, A Company of Men
2017-12-15,Friends,Season 2, The One with Barry and Mindy's Wedding
2017-12-15,The Crown,Season 2, Misadventure
2017-12-15,Stranger Things,Season 2, Chapter Four: Will the Wise
2017-12-12,Stranger Things,Season 2, Chapter Three: The Pollywog
2017-12-10,Banking on Bitcoin,NA,NA
2017-12-09,Golmaal Returns,NA,NA
2017-12-08,Jab Harry Met Sejal,NA,NA
2017-12-04,Black Mirror,Season 3, Nosedive
2017-11-29,The Bounty Hunter,NA,NA
2017-11-28,Mujhse Shaadi Karogi,NA,NA
2017-11-26,Friends,Season 2, The One with the Chicken Pox
2017-11-24,Baahubali: The Beginning (Hindi Version),NA,NA
2017-11-24,"9/11: Truth, Lies and Conspiracies",NA,NA
2017-11-24,Friends,Season 2, The One with the Two Parties
2017-11-24,Friends,Season 2, The One with the Bullies
2017-11-24,Vir Das: Abroad Understanding,NA,NA
2017-11-21,The Brothers Bloom,NA,NA
2017-11-03,Getaway Plan,NA,NA
2017-10-31,Stranger Things,Season 2," Chapter Two: Trick or Treat, Freak"
2017-10-29,Stranger Things,Season 2, Chapter One: MADMAX
2017-10-04,Friends,Season 2, The One Where Old Yeller Dies
2017-09-26,The Captive,NA,NA
2017-09-26,Naked,NA,NA
2017-09-26,Knight and Day,NA,NA
2017-09-26,Everything Must Go,NA,NA
2017-09-26,THE WAY BACK,NA,NA
2017-09-22,Death Note,NA,NA
2017-09-22,Stories by Rabindranath Tagore,Season 1, Episode 1
2017-09-19,Friends,Season 2, The One Where Eddie Won't Go
2017-09-19,Friends,Season 2, The One Where Dr. Ramoray Dies
2017-09-19,Friends,Season 2, The One Where Eddie Moves In
2017-09-15,Friends,Season 2, The One with Phoebe's Dad
2017-09-14,Friends,Season 2, The One with the List
2017-08-31,Pyaar Ka Punchnama 2,NA,NA
2017-08-05,Recess: Taking the Fifth Grade,NA,NA
2017-08-05,The Founder,NA,NA
2017-08-01,Doctor Strange,NA,NA
2017-08-01,Zindagi Gulzar Hai,Season 1, Episode 25
2017-08-01,Zindagi Gulzar Hai,Season 1, Episode 24
2017-07-31,Breaking Bad,Season 5, Felina
2017-07-31,Breaking Bad,Season 5, Granite State
2017-07-31,Breaking Bad,Season 5, Ozymandias
2017-07-31,Breaking Bad,Season 5, To'hajiilee
2017-07-31,Breaking Bad,Season 5, Rabid Dog
2017-07-31,Breaking Bad,Season 5, Confessions
2017-07-30,Aditi Mittal: Things They Wouldn't Let Me Say,NA,NA
2017-07-30,Rogue One: A Star Wars Story,NA,NA
2017-07-29,Breaking Bad,Season 5, Buried
2017-07-28,Breaking Bad,Season 5, Blood Money
2017-07-28,Breaking Bad,Season 5, Gliding Over All
2017-07-27,Breaking Bad,Season 5, Say My Name
2017-07-27,Breaking Bad,Season 5, Buyout
2017-07-27,Breaking Bad,Season 5, Dead Freight
2017-07-27,Breaking Bad,Season 5, Fifty-One
2017-07-26,Breaking Bad,Season 5, Hazard Pay
2017-07-26,Breaking Bad,Season 5, Madrigal
2017-07-26,Breaking Bad,Season 5, Live Free Or Die
2017-07-25,Breaking Bad,Season 4, Face Off
2017-07-25,Breaking Bad,Season 4, End Times
2017-07-25,Breaking Bad,Season 4, Crawl Space
2017-07-25,Breaking Bad,Season 4, Salud
2017-07-25,Breaking Bad,Season 4, Bug
2017-07-25,Breaking Bad,Season 4, Hermanos
2017-07-25,Breaking Bad,Season 4, Problem Dog
2017-07-24,Breaking Bad,Season 4, Cornered
2017-07-24,Breaking Bad,Season 4, Shotgun
2017-07-24,Breaking Bad,Season 4, Bullet Points
2017-07-24,Breaking Bad,Season 4, Open House
2017-07-23,Breaking Bad,Season 4, Thirty-Eight Snub
2017-07-23,Breaking Bad,Season 4, Box Cutter
2017-07-23,Breaking Bad,Season 3, Full Measure
2017-07-23,Breaking Bad,Season 3, Half Measures
2017-07-23,Breaking Bad,Season 3, Abiquiu
2017-07-22,Bheja Fry 2,NA,NA
2017-07-22,Breaking Bad,Season 3, Fly
2017-07-22,Breaking Bad,Season 3, Kafkaesque
2017-07-22,Breaking Bad,Season 3, I See You
2017-07-20,Breaking Bad,Season 3, One Minute
2017-07-19,Breaking Bad,Season 3, Sunset
2017-07-19,Breaking Bad,Season 3, Mas
2017-07-19,Breaking Bad,Season 3, Green Light
2017-07-19,Breaking Bad,Season 3, I.F.T.
2017-07-18,Breaking Bad,Season 3, Caballo Sin Nombre
2017-07-18,Breaking Bad,Season 3, No Más
2017-07-18,Breaking Bad,Season 2, ABQ
2017-07-17,Breaking Bad,Season 2, Phoenix
2017-07-17,Breaking Bad,Season 2, Mandala
2017-07-17,Breaking Bad,Season 2, Over
2017-07-16,Breaking Bad,Season 2, 4 Days Out
2017-07-16,Breaking Bad,Season 2, Better Call Saul
2017-07-16,Breaking Bad,Season 2, Negro y Azul
2017-07-16,Breaking Bad,Season 2, Peekaboo
2017-07-16,Breaking Bad,Season 2, Breakage
2017-07-14,Breaking Bad,Season 2, Down
2017-07-13,Breaking Bad,Season 2, Bit by a Dead Bee
2017-07-13,Breaking Bad,Season 2, Grilled
2017-07-12,Breaking Bad,Season 2, Seven Thirty-Seven
2017-07-12,Breaking Bad,Season 1, A No-Rough-Stuff-Type Deal
2017-07-12,Breaking Bad,Season 1, Crazy Handful of Nothin'
2017-07-12,Breaking Bad,Season 1, Gray Matter
2017-07-12,Breaking Bad,Season 1, Cancer Man
2017-07-11,Breaking Bad,Season 1, And the Bag's in the River
2017-07-10,Humsafar,Season 1, Episode 8
2017-07-08,Titanic,NA,NA
2017-07-07,Breaking Bad,Season 1, The Cat's in the Bag
2017-07-06,Breaking Bad,Season 1, Pilot
2017-07-06,Stranger Things,Season 1, Chapter Eight: The Upside Down
2017-07-06,Stranger Things,Season 1, Chapter Seven: The Bathtub
2017-07-06,Stranger Things,Season 1, Chapter Six: The Monster
2017-07-05,Stranger Things,Season 1, Chapter Five: The Flea and the Acrobat
2017-07-05,The Secret Life of Pets,NA,NA
2017-07-05,Stranger Things,Season 1, Chapter Four: The Body
2017-07-04,Stranger Things,Season 1," Chapter Three: Holly, Jolly"
2017-07-03,Stranger Things,Season 1, Chapter Two: The Weirdo on Maple Street
2017-07-02,Sherlock,Series 4, The Final Problem
2017-07-02,Sherlock,Series 4, The Lying Detective
2017-07-02,Stranger Things,Season 1, Chapter One: The Vanishing Of Will Byers
2017-07-01,Inside Job,NA,NA
2017-06-30,DreamWorks Kung Fu Panda Awesome Secrets,Volume 1, Secrets of the Masters
2017-06-30,Drishyam,NA,NA
2017-06-30,Kung Fu Panda 2,NA,NA
2017-06-23,Quantico,Season 2, RESISTANCE
2017-06-22,Quantico,Season 2, RAINBOW
2017-06-22,Quantico,Season 2, GLOBALREACH
2017-06-21,Quantico,Season 2, MHORDER
2017-06-20,Quantico,Season 2, KUMONK
2017-06-20,Hasan Minhaj: Homecoming King,NA,NA
2017-06-19,Quantico,Season 2, ODYOKE
2017-06-19,Quantico,Season 2, MKTOPAZ
2017-06-18,Quantico,Season 2, MOCKINGBIRD
2017-06-18,Quantico,Season 2, LNWILT
2017-06-18,Quantico,Season 2, EPICSHELTER
2017-06-17,Quantico,Season 2, FALLENORACLE
2017-06-17,Quantico,Season 2, ZRTORCH
2017-06-17,Quantico,Season 2, JMPALM
2017-06-17,Quantico,Season 2, CLEOPATRA
2017-06-17,Quantico,Season 2, ODENVY
2017-06-17,Quantico,Season 2, LCFLUTTER
2017-06-17,Quantico,Season 2, AQUILINE
2017-06-16,Quantico,Season 2, KMFORGET
2017-06-16,Quantico,Season 2, KUBARK
2017-06-16,Quantico,Season 2, STESCALADE
2017-06-15,Quantico,Season 2, LIPSTICK
2017-06-14,Quantico,Season 2, KUDOVE
2017-06-10,The Big Short,NA,NA
2017-06-10,Minions,NA,NA
2017-06-09,Area 51,NA,NA
2017-06-06,The Spy Next Door,NA,NA
2017-05-13,The SpongeBob SquarePants Movie,NA,NA
2017-05-13,Chicken Run,NA,NA
2017-05-13,Open Season,NA,NA
2017-05-13,Hotel Transylvania,NA,NA
2017-05-13,The Smurfs 2,NA,NA
2017-05-03,Inkaar,NA,NA
2017-05-02,Tanu Weds Manu,NA,NA
2017-04-27,Scrubs,Season 8, My Lawyer's in Love
2017-04-25,M.S. Dhoni: The Untold Story,NA,NA
2017-04-13,Kahi Suni,Season 1, Episode 1
2017-04-13,Osama Bin Laden: Up Close and Personal,NA,NA
2017-04-08,Scrubs,Season 8, My New Role
2017-04-06,Scrubs,Season 8, My Cookie Pants
2017-04-06,Scrubs,Season 8, My ABC's
2017-04-06,Scrubs,Season 8, My Happy Place
2017-04-05,Scrubs,Season 8, My Saving Grace
2017-03-24,Anastasia,NA,NA
2017-03-24,The Dino King,NA,NA
2017-03-23,Talking Tom and Friends,Season 1, The Audition
2017-03-23,Tarzan,NA,NA
2017-03-23,Tarzan 2,NA,NA
2017-03-22,The Lost World: Jurassic Park,NA,NA
2017-03-22,Jurassic Park III,NA,NA
2017-03-21,Baby's Day Out,NA,NA
2017-03-10,Jurassic Park,NA,NA
2017-02-22,Haraamkhor,NA,NA
2017-02-14,Zindagi Gulzar Hai,Season 1, Episode 13
2017-02-14,Zindagi Gulzar Hai,Season 1, Episode 12
2017-02-14,Zindagi Gulzar Hai,Season 1, Episode 11
2017-02-14,Zindagi Gulzar Hai,Season 1, Episode 10
2017-02-14,Zindagi Gulzar Hai,Season 1, Episode 9
2017-02-14,Zindagi Gulzar Hai,Season 1, Episode 8
2017-02-13,Zindagi Gulzar Hai,Season 1, Episode 7
2017-02-13,Zindagi Gulzar Hai,Season 1, Episode 6
2017-02-13,Zindagi Gulzar Hai,Season 1, Episode 5
2017-02-13,Zindagi Gulzar Hai,Season 1, Episode 4
2017-02-12,Zindagi Gulzar Hai,Season 1, Episode 3
2017-02-12,Zindagi Gulzar Hai,Season 1, Episode 2
2017-02-12,Zindagi Gulzar Hai,Season 1, Episode 1
2017-02-11,Humsafar,Season 1, Episode 21
2017-02-11,Humsafar,Season 1, Episode 20
2017-02-11,Humsafar,Season 1, Episode 19
2017-02-11,Humsafar,Season 1, Episode 18
2017-02-11,Humsafar,Season 1, Episode 17
2017-02-11,Humsafar,Season 1, Episode 16
2017-02-11,Humsafar,Season 1, Episode 15
2017-02-11,Humsafar,Season 1, Episode 14
2017-02-11,Humsafar,Season 1, Episode 13
2017-02-11,Humsafar,Season 1, Episode 12
2017-02-11,Humsafar,Season 1, Episode 11
2017-02-11,Humsafar,Season 1, Episode 10
2017-02-11,Humsafar,Season 1, Episode 9
2017-02-10,Humsafar,Season 1, Episode 3
2017-02-09,Humsafar,Season 1, Episode 2
2017-02-09,Humsafar,Season 1, Episode 1
2017-02-08,Dhanak,NA,NA
2017-02-08,Scrubs,Season 8, My Last Words
2017-02-05,Scrubs,Season 8, My Jerks
2017-02-05,Udta Punjab,NA,NA
2017-02-04,Scrubs,Season 7, My Princess
2017-02-04,Scrubs,Season 7, My Waste of Time
2017-02-04,Scrubs,Season 7, My Dumb Luck
2017-02-03,Scrubs,Season 7, My Manhood
2017-02-03,Scrubs,Season 7, My Bad Too
2017-02-03,Scrubs,Season 7, My Number One Doctor
2017-02-03,Scrubs,Season 7, My Growing Pains
2017-02-02,Scrubs,Season 7, My Identity Crisis
2017-02-02,Scrubs,Season 7, My Inconvenient Truth
2017-02-02,Scrubs,Season 7, My Hard Labor
2017-02-02,Scrubs,Season 7, My Own Worst Enemy
2017-02-02,Scrubs,Season 6, My Point of No Return
2017-02-01,Scrubs,Season 6, My Rabbit
2017-01-31,Scrubs,Season 6, My Conventional Wisdom
2017-01-31,Scrubs,Season 6, My Cold Shower
2017-01-29,Scrubs,Season 6, My Turf War
2017-01-29,Scrubs,Season 6, Their Story
2017-01-27,Scrubs,Season 6, My Words of Wisdom
2017-01-27,Scrubs,Season 6, My Long Goodbye
2017-01-27,Scrubs,Season 6, My No Good Reason
2017-01-27,Scrubs,Season 6, My Scrubs
2017-01-26,Scrubs,Season 6, My Fishbowl
2017-01-26,Scrubs,Season 6, My Night to Remember
2017-01-26,Scrubs,Season 6, My Therapeutic Month
2017-01-26,Scrubs,Season 6, My Perspective
2017-01-25,Scrubs,Season 6, My Road to Nowhere
2017-01-25,Scrubs,Season 6, His Story IV
2017-01-25,Scrubs,Season 6, My Musical
2017-01-25,Scrubs,Season 6, My Friend with Money
2017-01-25,Scrubs,Season 6, My House
2017-01-22,Rustom,NA,NA
2017-01-22,Barry,NA,NA
2017-01-20,Dum Laga Ke Haisha,NA,NA
2017-01-20,Limitless,Season 1, Finale
2017-01-19,Limitless,Season 1, Finale
2017-01-19,Limitless,Season 1," Hi, My Name Is Rebecca Harris"
2017-01-19,Limitless,Season 1, A Dog's Breakfast
2017-01-19,Limitless,Season 1, Bezgranichnyy
2017-01-19,Limitless,Season 1, Close Encounters
2017-01-19,Limitless,Season 1," Sands, Agent of Morra"
2017-01-19,Limitless,Season 1, Undercover!
2017-01-19,Limitless,Season 1, Fundamentals of Naked Portraiture
2017-01-18,Limitless,Season 1, Stop Me Before I Hug Again
2017-01-18,Limitless,Season 1, The Assassination of Eddie Morra
2017-01-17,Limitless,Season 1, This Is Your Brian on Drugs
2017-01-17,Limitless,Season 1, Arm-ageddon
2017-01-15,Limitless,Season 1, Headquarters!
2017-01-12,Limitless,Season 1, When Pirates Pirate Pirates
2017-01-12,Limitless,Season 1, Brian Finch's Black Op
2017-01-10,Limitless,Season 1, Side Effects May Include
2017-01-09,Limitless,Season 1, Personality Crisis
2017-01-01,Limitless,Season 1, Page 44
2016-12-21,Limitless,Season 1, The Legend of Marco Ramos
2016-12-20,Limitless,Season 1, Badge! Gun!
2016-12-19,Limitless,Season 1, Pilot
2016-12-17,Scrubs,Season 6, My Coffee
2016-12-17,Saala Khadoos,NA,NA
2016-12-17,Neerja,NA,NA
2016-12-17,Scrubs,Season 6, My Best Friend's Baby's Baby and My Baby's Baby
2016-12-16,Scrubs,Season 6, My Mirror Image
2016-12-16,Scrubs,Season 5, My Transition
2016-12-15,Scrubs,Season 5, My Urologist
2016-12-13,Scrubs,Season 5," My Déjà Vu, My Déjà Vu"
2016-12-13,Scrubs,Season 5, My Fallen Idol
2016-12-11,Hum Saath-Saath Hain,NA,NA
2016-12-11,Kabhi Khushi Kabhie Gham,NA,NA
2016-12-11,Hum Aapke Hain Koun,NA,NA
2016-12-11,Scrubs,Season 5, My Lunch
2016-11-28,David Blaine: Real or Magic?,NA,NA
2016-11-22,Justin Timberlake + the Tennessee Kids,NA,NA
2016-11-21,Gangs of Wasseypur,Season 1, Episode 8
2016-11-20,Gangs of Wasseypur,Season 1, Episode 7
2016-11-20,Gangs of Wasseypur,Season 1, Episode 6
2016-11-19,Gangs of Wasseypur,Season 1, Episode 5
2016-11-19,Gangs of Wasseypur,Season 1, Episode 4
2016-11-19,Gangs of Wasseypur,Season 1, Episode 3
2016-11-19,Gangs of Wasseypur,Season 1, Episode 2
2016-11-17,Youngistaan,NA,NA
2016-11-17,Black Friday,NA,NA
2016-11-17,Gangs of Wasseypur,Season 1, Episode 1
2016-11-13,The Crown,Season 1, Gloriana
2016-11-13,The Crown,Season 1, Assassins
2016-11-11,The Crown,Season 1, Pride & Joy
2016-11-10,The Crown,Season 1, Scientia Potentia Est
2016-11-10,The Crown,Season 1, Gelignite
2016-11-10,The Crown,Season 1, Smoke and Mirrors
2016-11-10,The Crown,Season 1, Act of God
2016-11-08,The Crown,Season 1, Windsor
2016-11-07,The Crown,Season 1, Hyde Park Corner
2016-11-05,The Crown,Season 1, Wolferton Splash
2016-11-01,Meet the Patels,NA,NA
2016-10-23,Talvar (Guilty),NA,NA
2016-10-09,Once Upon a Time in Mumbaai,NA,NA
2016-10-07,Gladiator,NA,NA
2016-10-07,The Fast and the Furious,NA,NA
2016-10-05,Power Rangers S.P.D.,Season 1, Wormhole
2016-10-05,The Imitation Game,NA,NA
2016-10-02,Quantico,Season 1, Yes
2016-10-02,Quantico,Season 1, Right
2016-10-02,Quantico,Season 1, Drive
2016-10-02,Quantico,Season 1, Fast
2016-10-01,Quantico,Season 1, Soon
2016-10-01,Quantico,Season 1, Care
2016-09-29,Quantico,Season 1, Clue
2016-09-28,Quantico,Season 1, Turn
2016-09-26,Quantico,Season 1, Answer
2016-09-23,Quantico,Season 1, Clear
2016-09-19,Quantico,Season 1, Alex
2016-09-19,Quantico,Season 1, Inside
2016-09-18,Quantico,Season 1, Quantico
2016-09-18,Quantico,Season 1, Guilty
2016-09-17,Quantico,Season 1, Over
2016-09-17,Quantico,Season 1, Go
2016-09-17,Quantico,Season 1, God
2016-09-16,Quantico,Season 1, Found
2016-09-15,Quantico,Season 1, Kill
2016-09-15,Quantico,Season 1, Cover
2016-09-05,Quantico,Season 1, America
2016-09-05,Quantico,Season 1, Run
2016-08-28,Pokémon: Indigo League,Season 1, Sparks Fly for Magnemite
2016-08-28,Pokémon: Indigo League,Season 1, The Punchy Pokémon
2016-08-28,Pokémon: Indigo League,Season 1, Pokémon Fashion Flash
2016-08-17,Pokémon: Indigo League,Season 1, Hypno's Naptime
2016-08-08,Pokémon: Indigo League,Season 1, Pokémon Scent-Sation!
2016-08-06,Pokémon: Indigo League,Season 1, Primeape Goes Bananas
2016-08-06,Pokémon: Indigo League,Season 1, Haunter Vs. Kadabra
2016-08-06,Pokémon: Indigo League,Season 1, The Tower of Terror
2016-08-06,Pokémon: Indigo League,Season 1, Abra and the Psychic Showdown
2016-08-06,Pokémon: Indigo League,Season 1, Bye Bye Butterfree
2016-08-06,Pokémon: Indigo League,Season 1, The Ghost of Maiden's Peak
2016-08-06,Pokémon: Indigo League,Season 1, Tentacool & Tentacruel
2016-08-06,Pokémon: Indigo League,Season 1, Island of the Giant Pokémon
2016-08-06,Pokémon: Indigo League,Season 1, Pokémon Shipwreck
2016-08-06,Pokémon: Indigo League,Season 1, Battle Aboard the St. Anne
2016-08-06,Pokémon: Indigo League,Season 1, Electric Shock Showdown
2016-08-06,Pokémon: Indigo League,Season 1, Mystery at the Lighthouse
2016-08-05,Pokémon: Indigo League,Season 1, Here Comes the Squirtle Squad
2016-08-05,Pokémon: Indigo League,Season 1, Charmander - The Stray Pokémon
2016-08-05,Pokémon: Indigo League,Season 1, Bulbasaur and the Hidden Village
2016-08-05,Pokémon: Indigo League,Season 1, The School of Hard Knocks
2016-08-04,Pokémon: Indigo League,Season 1, The Path to the Pokémon League
2016-08-04,Pokémon: Indigo League,Season 1, The Water Flowers of Cerulean City
2016-08-04,Pokémon: Indigo League,Season 1, Clefairy and the Moon Stone
2016-08-04,Pokémon: Indigo League,Season 1, Showdown in Pewter City
2016-08-04,Pokémon: Indigo League,Season 1, Challenge of the Samurai
2016-08-04,Pokémon: Indigo League,Season 1, Ash Catches a Pokémon
2016-08-03,Pokémon: Indigo League,Season 1, Pokémon Emergency
2016-08-03,Pokémon: Indigo League,Season 1, Pokémon - I Choose You!
2016-07-03,Scrubs,Season 5, His Story III
2016-07-03,Scrubs,Season 5, My New Suit
2016-07-03,Scrubs,Season 5, My Chopped Liver
2016-07-02,Scrubs,Season 5, My Bright Idea
2016-07-01,Scrubs,Season 5, My Extra Mile
2016-07-01,Scrubs,Season 5, My Own Personal Hell
2016-07-01,Scrubs,Season 5, My Five Stages
2016-07-01,Scrubs,Season 5, My Cabbage
2016-07-01,Scrubs,Season 5, My Buddy's Booty
2016-07-01,Scrubs,Season 5, Her Story II
2016-07-01,Scrubs,Season 5, My Half-Acre
2016-07-01,Scrubs,Season 5, My Big Bird
2016-06-30,Scrubs,Season 5, My Way Home
2016-06-30,Scrubs,Season 5, My Missed Perception
2016-06-28,Scrubs,Season 5, My New God
2016-06-28,Scrubs,Season 5, My Jiggly Ball
2016-06-28,Scrubs,Season 5, My Day at the Races
2016-06-28,Scrubs,Season 5, My Rite of Passage
2016-06-27,Scrubs,Season 5, My Intern's Eyes
2016-06-27,Scrubs,Season 4, My Changing Ways
2016-06-27,Scrubs,Season 4, My Drive-By
2016-06-27,Scrubs,Season 4, My Faith in Humanity
2016-06-27,Scrubs,Season 4, My Big Move
2016-06-27,Scrubs,Season 4, My Lips Are Sealed
2016-06-26,Scrubs,Season 4, My Boss' Free Haircut
2016-06-26,Scrubs,Season 4, My Best Laid Plans
2016-06-23,Scrubs,Season 4, My Roommates
2016-06-22,Scrubs,Season 4, My Life in Four Cameras
2016-06-22,Scrubs,Season 4, My Quarantine
2016-06-22,Scrubs,Season 4, My Hypocritical Oath
2016-06-22,Scrubs,Season 4, My Lucky Charm
2016-06-22,Scrubs,Season 4, My Ocardial Infarction
2016-06-22,Scrubs,Season 4, My Best Moment
2016-06-22,Scrubs,Season 4, My Unicorn
2016-06-21,Scrubs,Season 4, My Female Trouble
2016-06-20,Scrubs,Season 4, My Malpractical Decision
2016-06-20,Scrubs,Season 4, My Last Chance
2016-06-20,Scrubs,Season 4, My Common Enemy
2016-06-20,Scrubs,Season 4, My Cake
2016-06-20,Scrubs,Season 4, Her Story
2016-06-20,Scrubs,Season 4, My First Kill
2016-06-19,Scrubs,Season 4, My New Game
2016-06-19,Scrubs,Season 4, My Office
2016-06-18,Scrubs,Season 4, My Old Friend's New Friend
2016-06-18,Scrubs,Season 3, My Best Friend's Wedding
2016-06-18,Scrubs,Season 3, My Self-Examination
2016-06-18,Scrubs,Season 3, My Fault
2016-06-18,Scrubs,Season 3, My Choosiest Choice of All
2016-06-18,Scrubs,Season 3, His Story II
2016-06-18,Scrubs,Season 3, My Moment of Un-Truth
2016-06-18,Scrubs,Season 3, My Butterfly
2016-06-18,Scrubs,Season 3, My Tormented Mentor
2016-06-17,Scrubs,Season 3, My Screw Up
2016-06-17,Scrubs,Season 3, My Porcelain God
2016-06-17,Scrubs,Season 3, My Catalyst
2016-06-17,Scrubs,Season 3, My Clean Break
2016-06-17,Scrubs,Season 3, My Rule of Thumb
2016-06-17,Scrubs,Season 3, My Dirty Secret
2016-06-17,Scrubs,Season 3, My Friend the Doctor
2016-06-16,Scrubs,Season 3, My Fifteen Seconds
2016-06-15,Scrubs,Season 3, My Advice to You
2016-06-15,Scrubs,Season 3," My Brother, Where Art Thou?"
2016-06-15,Scrubs,Season 3, My Lucky Night
2016-06-13,Scrubs,Season 3, My White Whale
2016-06-13,Scrubs,Season 3, My Journey
2016-06-13,Scrubs,Season 3, My Own American Girl
2016-06-13,Scrubs,Season 2, My Dream Job
2016-06-13,Scrubs,Season 2, My Drama Queen
2016-06-13,Friends,Season 10, The One Where Estelle Dies
2016-06-13,Scrubs,Season 2, My Interpretation
2016-06-13,Scrubs,Season 2, My Kingdom
2016-06-13,Scrubs,Season 2, My T.C.W.
2016-06-13,Scrubs,Season 2, My Own Private Practice Guy
2016-06-13,Scrubs,Season 2, My Karma
2016-06-13,Scrubs,Season 2, His Story
2016-06-12,Scrubs,Season 2," My Brother, My Keeper"
2016-06-12,Scrubs,Season 2, My Philosophy
2016-06-12,Scrubs,Season 2, My New Old Friend
2016-06-12,Scrubs,Season 2, My Sex Buddy
2016-06-12,Scrubs,Season 2, My Monster
2016-06-12,Scrubs,Season 2, My Lucky Day
2016-06-11,Scrubs,Season 2, My Fruit Cups
2016-06-11,Scrubs,Season 2, My First Step
2016-06-10,Friends,Season 10, The One with Ross's Tan
2016-06-10,Friends,Season 10, The One Where Ross Is Fine
2016-06-10,Friends,Season 10, The One After Joey and Rachel Kiss
2016-06-10,Scrubs,Season 2, My Big Brother
2016-06-10,Scrubs,Season 2, My New Coat
2016-06-10,Scrubs,Season 2, My Big Mouth
2016-06-10,Scrubs,Season 2, My Case Study
2016-06-10,Friends,Season 9, The One in Barbados
2016-06-10,Friends,Season 9, The One in Barbados
2016-06-10,Friends,Season 9, The One with the Donor
2016-06-10,Friends,Season 9, The One with the Fertility Test
2016-06-10,Friends,Season 9, The One with the Soap Opera Party
2016-06-10,Friends,Season 9, The One with Rachel's Dream
2016-06-10,Friends,Season 9, The One with the Lottery
2016-06-09,Scrubs,Season 2, My Nightingale
2016-06-08,Scrubs,Season 2, My Overkill
2016-06-08,Scrubs,Season 1, My Last Day
2016-06-08,Scrubs,Season 1, My Hero
2016-06-02,Scrubs,Season 1, My Occurrence
2016-05-31,Scrubs,Season 1, My Sacrificial Clam
2016-05-31,Scrubs,Season 1, My Way or the Highway
2016-05-31,Scrubs,Season 1, My Old Man
2016-05-28,Scrubs,Season 1, My Tuscaloosa Heart
2016-05-25,Scrubs,Season 1, My Student
2016-05-25,Scrubs,Season 1, My Heavy Meddle
2016-05-23,Scrubs,Season 1, My Bed Banter & Beyond
2016-05-23,Scrubs,Season 1, My Drug Buddy
2016-05-23,The Wonder Years,Season 1, Pilot
2016-05-22,Scrubs,Season 1, My Balancing Act
2016-05-22,Scrubs,Season 1, My Blind Date
2016-05-22,Scrubs,Season 1, My Own Personal Jesus
2016-05-22,Scrubs,Season 1, My Nickname
2016-05-21,Scrubs,Season 1, My Day Off
2016-05-11,Scrubs,Season 1, My Fifteen Minutes
2016-05-10,Scrubs,Season 1, My Super Ego
2016-05-10,Scrubs,Season 1, My Bad
2016-05-10,Scrubs,Season 1, My Two Dads
2016-05-07,Scrubs,Season 1, My Old Lady
2016-05-06,Scrubs,Season 1, My Best Friend's Mistake
2016-05-06,Scrubs,Season 1, My Mentor
2016-05-05,Scrubs,Season 1, My First Day
2016-05-05,All Hail King Julien,Season 1, Poll Position
2016-04-24,How I Met Your Mother,Season 9, Last Forever
2016-04-23,How I Met Your Mother,Season 9, Last Forever
2016-04-23,How I Met Your Mother,Season 9, The End of the Aisle
2016-04-22,How I Met Your Mother,Season 9, Gary Blauman
2016-04-17,How I Met Your Mother,Season 9, Daisy
2016-04-17,How I Met Your Mother,Season 9, Vesuvius
2016-04-17,How I Met Your Mother,Season 9, Rally
2016-04-17,How I Met Your Mother,Season 9, Sunrise
2016-04-17,How I Met Your Mother,Season 9, How Your Mother Met Me
2016-04-16,How I Met Your Mother,Season 9, Unpause
2016-04-16,How I Met Your Mother,Season 9, Slapsgiving 3
2016-04-16,How I Met Your Mother,Season 9, Bass Player Wanted
2016-04-15,How I Met Your Mother,Season 9, The Rehearsal Dinner
2016-04-15,How I Met Your Mother,Season 9, Bedtime Stories
2016-04-15,How I Met Your Mother,Season 9, Mom and Dad
2016-04-14,How I Met Your Mother,Season 9, Platonish
2016-04-14,How I Met Your Mother,Season 9, The Lighthouse
2016-04-13,How I Met Your Mother,Season 9, No Questions Asked
2016-04-13,How I Met Your Mother,Season 9, Knight Vision
2016-04-13,How I Met Your Mother,Season 9, The Poker Game
2016-04-13,V for Vendetta,NA,NA
2016-04-08,How I Met Your Mother,Season 9, The Broken Code
2016-04-07,How I Met Your Mother,Season 9, Last Time in New York
2016-04-07,How I Met Your Mother,Season 9, Coming Back
2016-04-06,How I Met Your Mother,Season 9, The Locket
2016-04-05,How I Met Your Mother,Season 8, Something New
2016-04-03,How I Met Your Mother,Season 8, Something Old
2016-04-02,An Apology to John Stamos,NA,NA
2016-04-02,How I Met Your Mother,Season 8, The Bro Mitzvah
2016-04-02,How I Met Your Mother,Season 8, Romeward Bound
2016-04-02,How I Met Your Mother,Season 8, The Time Travelers
2016-04-02,How I Met Your Mother,Season 8, The Fortress
2016-04-01,How I Met Your Mother,Season 8, Weekend at Barney's
2016-03-28,How I Met Your Mother,Season 8, The Ashtray
2016-03-27,How I Met Your Mother,Season 8, Bad Crazy
2016-03-26,How I Met Your Mother,Season 8, P.S. I Love You
2016-03-22,How I Met Your Mother,Season 8, Ring Up!
2016-03-22,How I Met Your Mother,Season 8, Band or DJ?
2016-03-22,Kal Ho Naa Ho,NA,NA
2016-03-20,How I Met Your Mother,Season 8, The Final Page
2016-03-20,How I Met Your Mother,Season 8, The Final Page
2016-03-19,How I Met Your Mother,Season 8, The Over-Correction
2016-03-18,How I Met Your Mother,Season 8, Lobster Crawl
2016-03-17,How I Met Your Mother,Season 8, Twelve Horny Women
2016-03-17,How I Met Your Mother,Season 8, The Stamp Tramp
2016-03-16,How I Met Your Mother,Season 8, Splitsville
2016-03-15,How I Met Your Mother,Season 8, The Autumn of Break-Ups
2016-03-14,How I Met Your Mother,Season 8, Who Wants to Be a Godparent?
2016-03-14,How I Met Your Mother,Season 8, Nannies
2016-03-13,How I Met Your Mother,Season 8, The Pre-Nup
2016-03-13,How I Met Your Mother,Season 8, Farhampton
2016-03-13,The Returned,Season 1, Simon
2016-03-13,The Returned,Season 1, Camille
2016-03-13,How I Met Your Mother,Season 7, The Magician's Code Part 2
2016-03-13,NOVA: Why Planes Vanish,NA,NA
2016-03-12,How I Met Your Mother,Season 7, The Magician's Code Part 1
2016-03-12,How I Met Your Mother,Season 7, Good Crazy
2016-03-10,Power Rangers S.P.D.,Season 1, Dismissed
2016-03-07,How I Met Your Mother,Season 7, Now We're Even
2016-03-07,How I Met Your Mother,Season 7, Trilogy Time
2016-03-07,Power Rangers S.P.D.,Season 1, Wired
2016-03-07,Power Rangers S.P.D.,Season 1, Abandoned
2016-03-07,Power Rangers S.P.D.,Season 1, Shadow
2016-03-07,Power Rangers S.P.D.,Season 1, Shadow
2016-03-06,DEATH NOTE,Season 1, Rebirth
2016-03-06,Pokémon: XY,Season 1," Kalos, Where Dreams and Adventures Begin!"
2016-03-05,Andaz Apna Apna,NA,NA
2016-03-04,How I Met Your Mother,Season 7, The Broath
2016-03-04,How I Met Your Mother,Season 7, Karma
2016-03-04,How I Met Your Mother,Season 7, No Pressure
2016-03-02,Fuller House,Season 1, Funner House
2016-03-02,Fuller House,Season 1, Moving Day
2016-03-02,Fuller House,Season 1," Our Very First Show, Again"
2016-03-01,How I Met Your Mother,Season 7, The Drunk Train
2016-02-29,How I Met Your Mother,Season 7, The Burning Beekeeper
2016-02-29,How I Met Your Mother,Season 7, 46 Minutes
2016-02-27,How I Met Your Mother,Season 7, Tailgate
2016-02-24,How I Met Your Mother,Season 7, Symphony of Illumination
2016-02-24,How I Met Your Mother,Season 7, The Rebound Girl
2016-02-24,How I Met Your Mother,Season 7, Tick Tick Tick
2016-02-24,Power Rangers S.P.D.,Season 1, Idol
2016-02-24,Power Rangers S.P.D.,Season 1, Sam
2016-02-24,How I Met Your Mother,Season 7, Disaster Averted
2016-02-23,Detective Byomkesh Bakshy!,NA,NA
2016-02-23,How I Met Your Mother,Season 7, The Slutty Pumpkin Returns
2016-02-22,Power Rangers S.P.D.,Season 1, Beginnings
2016-02-21,How I Met Your Mother,Season 7, Noretta
2016-02-18,How I Met Your Mother,Season 7, Mystery vs. History
2016-02-18,How I Met Your Mother,Season 7, Field Trip
2016-02-18,How I Met Your Mother,Season 7, The Stinson Missile Crisis
2016-02-18,How I Met Your Mother,Season 7, Ducky Tie
2016-02-17,How I Met Your Mother,Season 7, The Naked Truth
2016-02-14,How I Met Your Mother,Season 7, The Best Man
2016-02-11,How I Met Your Mother,Season 6, Challenge Accepted
2016-02-10,How I Met Your Mother,Season 6, Landmarks
2016-02-10,How I Met Your Mother,Season 6, The Perfect Cocktail
2016-02-10,How I Met Your Mother,Season 6, Hopeless
2016-02-10,How I Met Your Mother,Season 6, The Exploding Meatball Sub
2016-02-10,How I Met Your Mother,Season 6, Legendaddy
2016-02-09,How I Met Your Mother,Season 6, A Change of Heart
2016-02-06,How I Met Your Mother,Season 6, Garbage Island
2016-02-06,Jobs,NA,NA
2016-02-01,How I Met Your Mother,Season 6, Desperation Day
2016-02-01,How I Met Your Mother,Season 6, Oh Honey
2016-01-31,How I Met Your Mother,Season 6, Last Words
2016-01-31,How I Met Your Mother,Season 6, Bad News
2016-01-29,How I Met Your Mother,Season 6, False Positive
2016-01-29,How I Met Your Mother,Season 6, The Mermaid Theory
2016-01-29,How I Met Your Mother,Season 6, Blitzgiving
2016-01-28,How I Met Your Mother,Season 6, Glitter
2016-01-27,How I Met Your Mother,Season 6, Natural History
2016-01-27,How I Met Your Mother,Season 6, Canning Randy
2016-01-27,How I Met Your Mother,Season 6, Baby Talk
2016-01-26,How I Met Your Mother,Season 6, Architect of Destruction
2016-01-26,How I Met Your Mother,Season 6, Subway Wars
2016-01-25,How I Met Your Mother,Season 6, Unfinished
2016-01-24,How I Met Your Mother,Season 6, Cleaning House
2016-01-23,How I Met Your Mother,Season 6, Big Days
2016-01-19,How I Met Your Mother,Season 5, Doppelgangers
2016-01-18,How I Met Your Mother,Season 5, The Wedding Bride
2016-01-18,How I Met Your Mother,Season 5, Zoo or False
2016-01-18,How I Met Your Mother,Season 5, Robots Vs. Wrestlers
2016-01-18,How I Met Your Mother,Season 5, Twin Beds
2016-01-18,How I Met Your Mother,Season 5, Home Wreckers
2016-01-18,How I Met Your Mother,Season 5, Say Cheese
2016-01-18,How I Met Your Mother,Season 5, Of Course
2016-01-18,How I Met Your Mother,Season 5, Hooked
2016-01-18,How I Met Your Mother,Season 5, Rabbit or Duck
2016-01-18,How I Met Your Mother,Season 5, Perfect Week
2016-01-17,How I Met Your Mother,Season 5, Jenkins
2016-01-17,How I Met Your Mother,Season 5, Girls Vs. Suits
2016-01-17,How I Met Your Mother,Season 5, Last Cigarette Ever
2016-01-17,How I Met Your Mother,Season 5, The Window
2016-01-17,How I Met Your Mother,Season 5, Slapsgiving 2
2016-01-17,How I Met Your Mother,Season 5, The Playbook
2016-01-17,How I Met Your Mother,Season 5, The Rough Patch
2016-01-17,Sherlock,Series 3, Sherlock Uncovered
2016-01-16,How I Met Your Mother,Season 5, Bagpipes
2016-01-16,How I Met Your Mother,Season 5, Duel Citizenship
2016-01-16,Sherlock,Series 3, His Last Vow
2016-01-16,How I Met Your Mother,Season 5, The Sexless Innkeeper
2016-01-16,How I Met Your Mother,Season 5, Robin 101
2016-01-16,Sherlock,Series 3, The Sign of Three
2016-01-15,Sherlock,Series 3, The Empty Hearse
2016-01-15,Sherlock,Series 2, The Reichenbach Fall
2016-01-14,Sherlock,Series 2, The Hounds of Baskerville
2016-01-13,How I Met Your Mother,Season 5, Double Date
2016-01-12,How I Met Your Mother,Season 5, Definitions
2016-01-12,How I Met Your Mother,Season 4, The Leap
2016-01-11,All Hail King Julien,Season 1, King Me
2016-01-11,How I Met Your Mother,Season 4, As Fast as She Can
2016-01-11,How I Met Your Mother,Season 4, Right Place Right Time
2016-01-11,How I Met Your Mother,Season 4, The Three Days Rule
2016-01-10,How I Met Your Mother,Season 4, Mosbius Designs
2016-01-10,How I Met Your Mother,Season 4, Murtaugh
2016-01-10,How I Met Your Mother,Season 4, Old King Clancy
2016-01-10,How I Met Your Mother,Season 4, The Front Porch
2016-01-10,How I Met Your Mother,Season 4," Sorry, Bro"
2016-01-10,How I Met Your Mother,Season 4, The Stinsons
2016-01-10,How I Met Your Mother,Season 4, Possimpible
2016-01-10,How I Met Your Mother,Season 4, Three Days of Snow
2016-01-10,How I Met Your Mother,Season 4, Benefits
2016-01-10,How I Met Your Mother,Season 4, Little Minnesota
2016-01-09,How I Met Your Mother,Season 4, The Fight
2016-01-09,How I Met Your Mother,Season 4, The Naked Man
2016-01-09,How I Met Your Mother,Season 4, Woooo!
2016-01-09,How I Met Your Mother,Season 4, Not a Father's Day
2016-01-09,How I Met Your Mother,Season 4, Happily Ever After
2016-01-09,How I Met Your Mother,Season 4, Shelter Island
2016-01-09,How I Met Your Mother,Season 4, Intervention
2016-01-09,How I Met Your Mother,Season 4, I Heart NJ
2016-01-06,How I Met Your Mother,Season 4, The Best Burger in New York
2016-01-06,How I Met Your Mother,Season 4, Do I Know You?
2016-01-06,How I Met Your Mother,Season 3, Miracles
2016-01-06,How I Met Your Mother,Season 3, Everything Must Go
2016-01-06,How I Met Your Mother,Season 3, Rebound Bro
2016-01-06,How I Met Your Mother,Season 3, The Goat
2016-01-06,How I Met Your Mother,Season 3, Sandcastles in the Sand
2016-01-06,How I Met Your Mother,Season 3, The Chain of Screaming
2016-01-06,How I Met Your Mother,Season 3, The Bracket
2016-01-05,How I Met Your Mother,Season 3, Ten Sessions
2016-01-05,How I Met Your Mother,Season 3, No Tomorrow
2016-01-05,How I Met Your Mother,Season 3, The Platinum Rule
2016-01-05,How I Met Your Mother,Season 3, The Yips
2016-01-05,How I Met Your Mother,Season 3, Slapsgiving
2016-01-05,How I Met Your Mother,Season 3, Spoiler Alert
2016-01-04,How I Met Your Mother,Season 3, Dowisetrepla
2016-01-04,How I Met Your Mother,Season 3, I'm Not That Guy
2015-12-31,How I Met Your Mother,Season 3, How I Met Everyone Else
2015-12-31,How I Met Your Mother,Season 3, Little Boys
2015-12-30,How I Met Your Mother,Season 3, Third Wheel
2015-12-30,How I Met Your Mother,Season 3, We're Not From Here
2015-12-30,How I Met Your Mother,Season 3, Wait for It
2015-12-29,How I Met Your Mother,Season 2, Something Blue
2015-12-29,How I Met Your Mother,Season 2, Something Borrowed
2015-12-29,How I Met Your Mother,Season 2, Showdown
2015-12-29,How I Met Your Mother,Season 2, Bachelor Party
2015-12-29,How I Met Your Mother,Season 2, Moving Day
2015-12-29,How I Met Your Mother,Season 2," Arrivederci, Fiero"
2015-12-29,Pirates of the Caribbean: The Curse of the Black Pearl,NA,NA
2015-12-26,How I Met Your Mother,Season 2, Stuff
2015-12-25,The Awakening,NA,NA
2015-12-24,How I Met Your Mother,Season 2, Lucky Penny
2015-12-24,How I Met Your Mother,Season 2, Monday Night Football
2015-12-24,How I Met Your Mother,Season 2, Columns
2015-12-22,How I Met Your Mother,Season 2, First Time in New York
2015-12-22,How I Met Your Mother,Season 2, How Lily Stole Christmas
2015-12-22,How I Met Your Mother,Season 2, Single Stamina
2015-12-22,How I Met Your Mother,Season 2, Slap Bet
2015-12-19,How I Met Your Mother,Season 2, Atlantic City
2015-12-19,How I Met Your Mother,Season 2, Swarley
2015-12-16,How I Met Your Mother,Season 2, Aldrin Justice
2015-12-16,How I Met Your Mother,Season 2, World's Greatest Couple
2015-12-16,How I Met Your Mother,Season 2, Ted Mosby
2015-12-16,How I Met Your Mother,Season 2, Brunch
2015-12-15,How I Met Your Mother,Season 2, The Scorpion and the Toad
2015-12-15,How I Met Your Mother,Season 2, Where Were We?
2015-12-15,How I Met Your Mother,Season 1, Come On
2015-12-15,How I Met Your Mother,Season 1, Milk
2015-12-15,How I Met Your Mother,Season 1, Best Prom Ever
2015-12-15,How I Met Your Mother,Season 1, Mary the Paralegal
2015-12-15,How I Met Your Mother,Season 1, Nothing Good Happens After 2 A.M.
2015-12-15,How I Met Your Mother,Season 1, Life Among the Gorillas
2015-12-13,How I Met Your Mother,Season 1, Cupcake
2015-12-13,How I Met Your Mother,Season 1, Game Night
2015-12-13,How I Met Your Mother,Season 1," Zip, Zip, Zip"
2015-12-13,How I Met Your Mother,Season 1," Drumroll, Please"
2015-12-13,How I Met Your Mother,Season 1, The Wedding
2015-12-13,How I Met Your Mother,Season 1, The Limo
2015-12-13,How I Met Your Mother,Season 1, The Pineapple Incident
2015-12-13,Good Will Hunting,NA,NA
2015-12-12,Dil To Pagal Hai,NA,NA
2015-12-12,How I Met Your Mother,Season 1, Belly Full of Turkey
2015-12-11,How I Met Your Mother,Season 1, The Duel
2015-12-11,How I Met Your Mother,Season 1, Matchmaker
2015-12-11,How I Met Your Mother,Season 1, The Slutty Pumpkin
2015-12-11,How I Met Your Mother,Season 1, Okay Awesome
2015-12-11,How I Met Your Mother,Season 1, Return of the Shirt
2015-12-11,How I Met Your Mother,Season 1, The Sweet Taste of Liberty
2015-12-11,How I Met Your Mother,Season 1, Purple Giraffe
2015-12-11,How I Met Your Mother,Season 1, Pilot
2015-12-11,Scrubs,Season 9, Our Thanks
2015-12-11,Scrubs,Season 9, Our Driving Issues
2015-12-11,Scrubs,Season 9, Our Dear Leaders
2015-12-09,Scrubs,Season 9, Our True Lies
2015-12-09,Scrubs,Season 9, Our Stuff Gets Real
2015-12-09,Scrubs,Season 9, Our Couples
2015-12-09,Scrubs,Season 9, Our White Coats
2015-12-08,Scrubs,Season 9, Our New Girl-Bro
2015-12-07,Scrubs,Season 9, Our Mysteries
2015-12-07,Scrubs,Season 9, Our Histories
2015-12-06,Scrubs,Season 9, Our Role Models
2015-12-06,Scrubs,Season 9, Our Drunk Friend
2015-12-06,Rang De Basanti,NA,NA
2015-12-05,Scrubs,Season 9, Our First Day of School
2015-12-04,DreamWorks How to Train Your Dragon Legends,Volume 1, Play All Two
2015-11-27,The Passion of the Christ,NA,NA
2015-11-25,Scrubs,Season 8, My Finale
2015-11-24,Scrubs,Season 8, My Finale
2015-11-21,Scrubs,Season 8, My Chief Concern
2015-11-14,Dexter,Season 1, Dexter
2015-11-14,Gotham,Season 1, The Anvil or the Hammer
2015-11-12,Scrubs,Season 8, My Cuz
2015-11-12,Scrubs,Season 8, My Soul on Fire
2015-11-11,Scrubs,Season 8, My Soul on Fire
2015-11-11,Scrubs,Season 8, My Full Moon
2015-11-11,Scrubs,Season 8, Their Story II
2015-11-11,Scrubs,Season 8, My Nah Nah Nah
2015-11-10,Scrubs,Season 8, My Comedy Show
2015-11-10,Scrubs,Season 8, My Absence
2015-09-28,Hitch,NA,NA
2015-03-25,Bates Motel,Season 1," First You Dream, Then You Die"
